t,ax,ay,az,gx,gy,gz
0,0.4983771574793069,0.541493710952372,1.0003830332287862,0.010494174270188217,0.053241843777379755,0.09554612265261644
100,0.3638274349131433,0.34748326170140187,1.1835019732135095,0.0930406631798395,0.045075894348194125,0.029702042561593978
200,0.17074452822882166,0.12922841336119337,1.1676519782194084,0.06708707656591807,0.027364033434054837,0.09579107996306724
300,0.158479572644576,0.10377608192673679,1.2894344204077584,0.06583591884299277,0.09649888187592738,0.03935804049756211
400,0.18183516880326392,0.3537667075948605,1.2305013695016174,0.03556555369601793,0.04761390533290538,0.06247172717220935
500,0.41266462463016007,0.22790252637713784,0.9049620479303162,0.06213756852792327,0.026948717021604132,0.012460006533565016
600,0.44484078348699285,0.47239154359275914,1.2223705481409064,0.0890521310552958,0.05608367672141634,0.05004659033967325
700,0.3905096158244944,0.5246038358554765,0.9159409555009107,0.018698547746077123,0.021902428321248647,0.08378571768088068
800,0.2746681886245096,0.5467546042986494,1.1279740451031357,0.026229380633623844,0.05392670968288184,0.004769530755837682
900,0.3304327184857042,0.5827914034208019,1.0685639272342478,0.05243448883754986,0.06545326503749878,0.08776191094058718
1000,0.5617083304917427,0.28125610683880353,0.8679358238590993,0.05303730621140748,0.013837361236634472,0.027226720306301355
1100,0.3204061329909822,0.5023592697722099,1.1406853879059107,0.09102668442072412,0.02754245865722357,0.07144591829041298
1200,0.5947215685469374,0.10369751800206725,1.110740731548528,0.014174462282387014,0.04227982598336732,0.09789194369601158
1300,0.5937627570892425,0.15505548947088935,1.288793819720679,0.04982573165930091,0.03438855414920083,0.08056929069150105
1400,0.40236137751126433,0.2856422918161988,1.270427477668182,0.026602619459742505,0.039968728298647394,0.09691565185171747
1500,0.5026908161517274,0.10454142538759051,0.9172343169311945,0.01556891773885123,0.051075580714068994,0.05477707925192963
1600,0.5243355202674946,0.18427441153678722,1.0552389371661877,0.04778471177174505,0.07443804338421071,0.005871225730806673
1700,0.3884182539120594,0.5277468948163416,1.155338812734434,0.03141575845828979,0.030063285258486873,0.07840985473026364
1800,0.5527627912219722,0.5913671742009082,1.0826349702495681,0.0583120119292361,0.06911362862566567,0.030471550672564653
1900,0.3312219629767845,0.11122988728058883,1.050949483779712,0.04742959433230307,0.0674741721649792,0.009291115432316
2000,0.2373128375432851,0.5964306296260461,1.0184629703183945,0.03712849632563499,0.046641359384922414,0.09155779069003778
2100,0.5525786901859124,0.5862241384604451,1.0696308740473406,0.08409310457374215,0.0681309595386662,0.018911654389032462
2200,0.21753974275542878,0.3225354700374855,0.8919212029002634,0.03239695752776437,0.08687988043793383,0.09459962569399069
2300,0.130185770102313,0.29612068346960296,1.1812954005300906,0.029651009681172527,0.00876822602671622,0.010734762986091008
2400,0.29757622321506305,0.3906105426342018,1.1724831074308244,0.047433594875889884,0.03727562599291724,0.08600576509336638
2500,0.25764269251411265,0.20131943792837978,1.2503967113619465,0.02838748031833657,0.02818811222882498,0.053416480893921606
2600,0.11155329274380224,0.38094694673454443,0.9809889601611441,0.07366468638012645,0.08230127632807444,0.08887796687631916
2700,0.543512143647559,0.22369365608668598,1.2401745105158974,0.007692724691632059,0.024893996115015263,0.03910760405124828
2800,0.26127270014854687,0.15175713396354865,0.9601203323070773,0.02404398742899049,0.01061107684475402,0.06413691373564015
2900,0.3771000043023419,0.5846369908107933,0.8703097454542924,0.08947648801196373,0.00995677897939089,0.09475845541990754
3000,0.2303649709202629,0.471962105156166,1.2508376293035814,0.045979915636090954,0.017515014738472112,0.04174669730244501
3100,0.2395378069703943,0.2895501620163189,1.2993009237481628,0.07497545072407583,0.0385478921686409,0.024636374882365687
3200,0.4357178617321812,0.41541104507981585,0.8866022664366469,0.004169579109917976,0.07472979152684146,0.021182045474577582
3300,0.20213570277682283,0.3324908102764994,0.8120807526193563,0.07594293662017271,0.031338319000188956,0.07406252889510549
3400,0.1723532660230194,0.30466965169000915,1.180952641593029,0.05830463749008519,0.050452397697406,0.0901920892477254
3500,0.15903987296584907,0.18359065192293353,0.8094518697803567,0.08923568301531376,0.020230651181733495,0.002444523920716635
3600,0.5976837233758765,0.2967284293308221,1.0708955796383073,0.008916792632050063,0.012438748592692917,0.014010548826766823
3700,0.2267222536881396,0.16914051471908262,1.1373731929132753,0.0857613146283317,0.09207113605400925,0.014493376820249938
3800,0.3715213212831884,0.15334525141292912,0.863024442174726,0.05344821143505171,0.08617689810039728,0.0924709726962916
3900,0.5064940143512203,0.4029877708904096,1.166790867739607,0.006744195273005649,0.07034192802099874,0.08882965557390936
4000,0.3588558394144443,0.4249892820654686,1.066273407178446,0.08226862401117642,0.0957080875445351,0.052764304057046345
4100,0.2309612439988857,0.33519231673225125,1.006146877274789,0.07751874939004716,0.030523296000092428,0.006949776582735701
4200,0.4397155278427698,0.26991019056113263,0.8386341087019455,0.01818439008320145,0.03911945185129816,0.08621494793576091
4300,0.45340690832071506,0.125895121135593,0.8632207463953597,0.03668899548815422,0.06769564852852018,0.05731730077915172
4400,0.10000384677010934,0.4504241985175067,0.8742535430751379,0.03202431306307969,0.001860032263020306,0.009582649908610309
4500,0.1694866206851555,0.2030496227463607,0.9714384310482016,0.05317270683477642,0.003980651340900954,0.0359804103167118
4600,0.20072089163916243,0.4609092646494747,1.237417991556804,0.032138742359902044,0.027703337532559904,0.08917266737704332
4700,0.1083970863856856,0.11448391425334256,1.20211538456785,0.03635678117747542,0.03864214179564454,0.026546264985865067
4800,0.5516803837045338,0.27205073068058405,1.0218924479710956,0.06977664625552787,0.010853439168285885,0.09332278519339364
4900,0.12074230464285565,0.39622391964047265,0.9990505996298156,0.06575368526179258,0.08117706609735585,0.041687009815881505
5000,3.1078448428215544,2.3676011598273794,3.052969400414493,0.006991026874937179,0.09133578900312894,0.061656261642354354
5100,0.26584297434937565,0.23294645755864726,1.0019523382962348,0.008673688220815946,0.07598177742888516,0.010119704373274474
5200,0.4138815106074981,0.34310181997894096,1.1156657455283103,0.05943771196666675,0.0917271439097032,0.02212136350603501
5300,0.4350065735960992,0.471885687397844,1.2545059099456257,0.017808682417717603,0.037630985016320166,0.004750129706648754
5400,0.10524713819171286,0.5228261149712855,0.9994513083326333,0.013398118180433273,0.06970767740474001,0.02284216513224452
5500,0.5495173363341004,0.33883680106014136,0.9652459066728916,0.016508128799992184,0.018943447227627364,0.07584717928174889
5600,0.21494222109859953,0.47674609410946533,0.8817849976716727,0.013674287159610766,0.0026854993730056733,0.06445084171520314
5700,0.3112670860554865,0.5093856171714157,0.8109159101481445,0.011234398756428022,0.014358532877229513,0.04584630593107397
5800,0.47692142150930183,0.2649733993240867,1.1696919162191288,0.047745228495307816,0.03331910689649691,0.015732848114351872
5900,0.25317398772571886,0.596705467696608,0.8467094864817751,0.07185328564620627,0.007956022914253581,0.0358240474367583
6000,0.2730350499245221,0.31924785877851636,1.006073178121307,0.07080607720238467,0.05746305150282937,0.09476388592631649
6100,0.3946264610813681,0.33816392811577145,0.8872164549895253,0.03171503139495842,0.018619175460063055,0.09959191839936975
6200,0.1056453081983171,0.4223138650279893,0.9804308423031703,0.05590664749512775,0.09060343409292826,0.07190487122283096
6300,0.16038565110721434,0.3365311733145675,1.09035334114005,0.060639469601655976,0.023929444693046753,0.09823000876267643
6400,0.29655053738173964,0.4611478940551862,1.261200729756943,0.09912768558488931,0.04608869422538595,0.007887979439296268
6500,0.34595657422736736,0.5453380508458631,1.2936740242838982,0.042231936794498715,0.01883259511456341,0.055231511002237804
6600,0.3577807768796075,0.2881251571547325,0.9607423362723109,0.08392059928211931,0.05451745390094048,0.06585287849628739
6700,0.2814830617252271,0.1350015884820621,1.1670299515263143,0.016699755562630394,0.0538064188753185,0.016277763511738954
6800,0.1152063234061004,0.576276674272369,1.2655862484627676,0.03919396527575347,0.03693386035574386,0.0726688405940299
6900,0.17264049361816988,0.42675782425740283,1.291854556574278,0.014795995224796866,0.0016338234166644152,0.03595266177811065
7000,0.5320338181954941,0.3705371599583427,1.0228428275092512,0.07916129582030801,0.09845955214065916,0.003417682446838666
7100,0.30410641386515047,0.42343730072361774,0.8288396693804282,0.04718945880116069,0.03159628309386545,0.0021037749508351355
7200,0.2396319317884603,0.3403497995844821,0.8572403529739511,0.07098461028034934,0.08158027858779292,0.08728025704247408
7300,0.3057429330183936,0.5899331318347271,0.817171605387027,0.07233805925907076,0.09642708876333166,0.03120444621953157
7400,0.47265494662474494,0.3041022588169816,1.201266675352838,0.013942400235113495,0.0072592334851055654,0.021081606208296334
7500,0.48259449841937396,0.15676203127614755,1.182002495380393,0.04151784198281307,0.038549133133190056,0.08942873942267693
7600,0.3747757116295234,0.26624418093317403,0.9688770117850511,0.005987584742855313,0.04224467416595661,0.08809464223195214
7700,0.38501084561732957,0.5546723241262855,0.9283800219177101,0.06695065784684046,0.008386000742303347,0.05245322425507035
7800,0.40982352673301237,0.3879415754826422,0.916527504010977,0.053606907542252835,0.014809745508787754,0.041317983736857605
7900,0.13655560634350142,0.27030589384738213,1.2827932174566812,0.034272439304375915,0.06874478272653045,0.022748011533347802
8000,0.35912561190586045,0.27983100225501656,1.0046834353070773,0.026661030134184773,0.05474304835494729,0.028810174472412232
8100,0.5124010507910861,0.3747009898956162,1.1288766321696424,0.00010769958320628882,0.04151317302880883,0.03477677290049256
8200,0.358430698973804,0.28302474884050033,0.8614558548332418,0.02178542004955826,0.030104274845586955,0.02542422660409297
8300,0.36986227668084526,0.3805403701441237,1.1695185099487921,0.0900247776826596,0.028023303118274445,0.05759411854952078
8400,0.21751404065963784,0.48903802849772204,0.8057589399769879,0.09510860778747342,0.09420834927163363,0.02158704732896202
8500,0.19964571805836964,0.21579410394607831,0.9789309002199399,0.03106713735168989,0.06513227420427058,0.08452936286653638
8600,0.4102400659332699,0.3980040835244574,1.2735663497549705,0.09392931006455968,0.05107708971150698,0.012835990608264337
8700,0.29646462370908244,0.5189877946799734,0.9775227901407357,0.025335485584980957,0.0313566435311912,0.045874436004708155
8800,0.2710971104699593,0.1445761628994536,1.245111033735184,0.09213966505047044,0.011818213867035056,0.035437925700295705
8900,0.47168067920214074,0.22749988128625184,1.1592277870714989,0.025293617711863572,0.016388126437073516,0.01151951245180205
9000,0.16085011705971744,0.5929216323921076,1.2026423132548478,0.026480283421027262,0.014491145819180252,0.05475945602006001
9100,0.22741764903828063,0.10996324571012575,1.2589740196202324,0.07826967996309152,0.07511611425400072,0.03174679110094099
9200,0.5561881626726347,0.5560930499280269,1.0426946464665103,0.08317648885771778,0.013728937251188279,0.07851008723196184
9300,0.5886411655909094,0.15566106586250292,1.160545114153434,0.09968262510690966,0.08206216433025239,0.09612468976835163
9400,0.4230611198847619,0.3139498819459873,0.8242267443380867,0.008795288558977899,0.04495994947459006,0.028439014206114877
9500,0.38116120906835194,0.3169167034060112,0.9788917580025174,0.053559364259890135,0.07372038810761651,0.04425368108003587
9600,0.3854144656391014,0.4939998204216195,1.2062735605348014,0.02151906772780403,0.02218958265857396,0.08561691139379779
9700,0.10413025848003818,0.1793509565012766,1.099535980685039,0.018363439614414157,0.04392065797253532,0.08622004041791953
9800,0.22968744895304713,0.321325458393133,1.2685139511924948,0.04461436865429968,0.09100875023322155,0.0016456489638552842
9900,0.1586702660110543,0.32563457142157315,0.8758690857266598,0.09033271655277379,0.01204905524002279,0.06772611243396846
10000,0.16053253803276216,0.11377200193473955,0.9553599536596729,0.04893816239161103,0.04991515923493847,0.06396521410352136
10100,0.165039062926314,0.16621485098127972,0.9533821678364598,0.027451604070380456,0.05897908437683132,0.038730004414409616
10200,0.29393502985262465,0.1698805009391898,1.2389707863494297,0.07292296264288943,0.0016450387160013569,0.09393036484161615
10300,0.47144496987754536,0.16852257923570277,0.9598218959203821,0.09547673319364952,0.055988909153058736,0.04496724041726742
10400,0.21887304596244364,0.17514293504712666,0.9108896364826173,0.000509792441012813,0.03449471742813529,0.07305360834161172
10500,0.5995575124468602,0.40719974319034413,1.0556601145692075,0.060315672666905795,0.04845036643155747,0.04665831667365592
10600,0.16274370355213072,0.323215980798196,1.1988655719687635,0.012792196272542466,0.013102351631280275,0.08742032475952555
10700,0.31628190537986056,0.11310655203727907,0.9216275064086811,0.09132067162004369,0.09255440828505376,0.001110339748331568
10800,0.1545090289710149,0.41566043136569986,1.156353695122,0.0009446953169175099,0.0611228144473749,0.05618662825413809
10900,0.1881797222017562,0.24450825814649366,1.2918074093091896,0.01644810606297539,0.0033510132527814654,0.07613807055152064
11000,0.5072820765182422,0.13951069474379565,1.0389932379181879,0.00828431732762438,0.07698521791529278,0.0812675206053945
11100,0.36525085059921736,0.4007082156768076,1.0062672764211629,0.015817177872743816,0.04545028653157264,0.05106235150920077
11200,0.4145744436009533,0.37599424903026557,0.9083631613174569,0.07965447296545605,0.006028194321950709,0.013514470206555574
11300,0.49465552330944007,0.1400008833731354,0.8518733336052131,0.035668267414893276,0.07982507065720129,0.0974538935094388
11400,0.36190097114060793,0.19893446846716248,0.9535446084246305,0.08490605764725058,0.04299813346465861,0.05028972973390175
11500,0.25938292957603193,0.512689175221456,1.1031697692163034,0.09422483803534142,0.03822352535231858,0.008799907532777707
11600,0.46399046978491765,0.5786382292636395,0.9101561997104628,0.03807488942853317,0.03791493606683504,0.01780727755049789
11700,0.4149085476254676,0.4026808764035613,0.8049189467348574,0.04261628285892242,0.06896738729793782,0.020217735712064224
11800,0.41220705122509294,0.4285160181966522,1.206178700975598,0.09158761291160955,0.03791487601573599,0.022982826862781303
11900,0.23759711167314032,0.47801935880217605,0.804617790713994,0.07043700563510408,0.004014890367562518,0.08984092176297781
12000,0.2789906115827073,0.4980954820694883,1.209085908733126,0.08358066483303828,0.09175572134277116,0.06656036897082085
12100,0.40452972042097435,0.1451552803576173,1.2534893067392339,0.024961587656718187,0.07035155953923236,0.07878652821170964
12200,0.16759704567147413,0.4079014186347425,1.1517828749272816,0.028178495314122854,0.006708827906673421,0.0926438531802399
12300,0.5208930543118395,0.4036548251176916,1.0145193516647353,0.02741098690149718,0.04408531847132524,0.029052435504790863
12400,0.17735315370476354,0.5924305138084004,1.2155073898643685,0.07801336765854679,0.023137949021690397,0.05162106776476493
12500,0.475675213513162,0.4273556028202521,0.9811780265123194,0.067140986556394,0.05463033526399435,0.038824468702876924
12600,0.5887491915386942,0.5074251574615107,0.8498190144499329,0.022317194940359466,0.038902144667008476,0.03556013034806734
12700,0.2019979535025663,0.4133101433385733,1.0601209850315945,0.06416587338717544,0.02617897103276541,0.06408228575898924
12800,0.530027786410119,0.27640331689614617,1.2859080351606544,0.09636749549337288,0.09078843765273532,0.0010678697714263218
12900,0.21082555114806775,0.22486488843823968,1.0652348870839976,0.09503076109562258,0.037238010295552425,0.013152331703040587
13000,0.30311673853490007,0.4072275008735535,0.8205123971166026,0.03317196260005526,0.03406470664727203,0.007145440422363792
13100,0.26717324597293923,0.16655542909966545,1.23598283953826,0.04236884409896884,0.036357214279262286,0.06575866903863041
13200,0.5732865294078214,0.14100961372688506,1.1776664226418985,0.07814790314396468,0.005886033248298717,0.019153187102296954
13300,0.4813691657361616,0.18921828935336002,0.8063153349894654,0.08118742739166859,0.0578446796009915,0.017182403238733903
13400,0.44757147500313865,0.5929223441902072,1.1467178631416957,0.0062558224303009505,0.03183947310320373,0.07654211384782282
13500,0.41476191149942165,0.5306877508847303,1.296766846139549,0.056435820146702766,0.062115486743439786,0.07644284726993174
13600,0.5298105066100881,0.4710164443810254,1.2747386701047725,0.031778274967991536,0.06481389952063656,0.014261700492632723
13700,0.33560373214034744,0.2429394083758107,1.2030233568216402,0.04615681135740296,0.07957310302530148,0.09426796945493776
13800,0.4165510710897804,0.505824114989376,0.9096660073967574,0.059625049746731155,0.09051656791849147,0.03268356484653286
13900,0.1467827169862793,0.1394301288423713,1.1968241314274874,0.09179589453866892,0.027851159771116275,0.01984931173823179
14000,0.22214689538205842,0.42620801260359986,0.9588918542143219,0.01616999434647547,0.060781920604355326,0.07128291423792722
14100,0.5923581534338093,0.2773977938630131,0.8070927225786034,0.045640495635702806,0.034651869670945225,0.062236618661639875
14200,0.23327751691180568,0.14831992563983262,1.029567584008975,0.011149333020250908,0.07426651934681619,0.024761675898089277
14300,0.21650959715397997,0.38559287997093017,1.0978636744297754,0.07012803883978154,0.09945650657493926,0.07771109474174136
14400,0.19782130440066745,0.39825949694922336,1.27650625499209,0.05164250764477636,0.03742299725312127,0.03039749447317629
14500,0.4189208292431035,0.4862632483141889,1.0463641124167455,0.06388023546609344,0.037535513804422785,0.06038885603947232
14600,0.5704169638771422,0.12914039427193855,0.9243670314288974,0.07377993668234806,0.029280843857091222,0.010669426442496233
14700,0.13738188921009634,0.3576590167854239,0.8115153958253112,0.08177442463372515,0.04110906955460739,0.032932847962752344
14800,0.11151087112086486,0.4554119363278334,0.914263438296322,0.07547066406371307,0.05060575343648659,0.048063927750190784
14900,0.3921950210245796,0.5434243666458075,0.8406321788364153,0.032066920291449245,0.09088892904196705,0.021984058052177003
15000,3.329738021231169,2.550132884068213,3.2910378306412413,0.06528074984462832,0.0821417473884129,0.08395645366455731
15100,0.2755768662461995,0.4544008252546945,1.2735358315989838,0.08264827692042748,0.035826263347814656,0.05321017109308247
15200,0.20265432624132027,0.15860332465132673,1.2696082559626725,0.025463789238821713,0.08352002517313581,0.025965301657921713
15300,0.35861827892144427,0.4828086660045183,0.9618960267155048,0.030373731805587213,0.03974596065320939,0.05006215161805292
15400,0.4786151966701423,0.5477011232419359,1.269143512270953,0.0968787252530311,0.03819608339265758,0.004053908298382036
15500,0.36104059130468835,0.38954967604055146,0.9801288282534849,0.09321119758765822,0.0004931680305301223,0.03663634060583786
15600,0.43702422161668963,0.45075458662268864,1.0973253970687102,0.08992055655424383,0.078341511696774,0.08075711162950437
15700,0.34764297631350016,0.1505191006587064,1.0682806051531084,0.03337295703691534,0.0667681555808143,0.035564814175731076
15800,0.584604581568236,0.16793811901677205,1.1673692646661509,0.06591603107445355,0.07396238929885382,0.0038554980958226074
15900,0.18756593363313837,0.4943903016407458,1.114796664372187,0.08218909683162913,0.07298408224472962,0.04744474592386541
16000,0.1935917709593433,0.21613070837800516,0.8324928722791304,0.06155773186226685,0.05772550356187303,0.057440603571825836
16100,0.20480492962000088,0.5669452177925105,1.1290621366280484,0.08175951682613294,0.039298907980706226,0.06390854389847722
16200,0.5402202529520804,0.593825120852979,0.9602762401307412,0.014215660429932265,0.08177686301118503,0.030088614096439394
16300,0.447727971003233,0.5241807357145849,0.9368260723464623,0.02313829349965243,0.0901971256148848,0.03252102997156125
16400,0.37821385484853765,0.5569174493392832,0.9330797133839335,0.09708935700390119,0.049440590446366776,0.03058862435824681
16500,0.2896849900153142,0.18041468423189896,0.8977303597068911,0.0807308407922303,0.048593415629102236,0.06987100542600015
16600,0.24731847138060806,0.39587499444935803,0.9475727408370993,0.0768214704068256,0.060034234209193175,0.09314213740110605
16700,0.3381913275811266,0.4910810833476531,1.0633028408463927,0.014436011423055208,0.01671944730975866,0.0637856475678261
16800,0.4338981019069531,0.2835890680058297,1.163530432239484,0.03263988299279641,0.018906807254238957,0.08215144219289522
16900,0.5461646764536595,0.18649165301147705,1.265646457013115,0.015038346552090843,0.08705319688476516,0.02881825232985177
17000,0.21712730746760842,0.5530073039749706,1.2294652890174396,0.09541914450879901,0.07055224945311146,0.009039263352040139
17100,0.5474086890162236,0.5404403621440734,1.2166466390687187,0.01472442243667903,0.036591893423253995,0.029898854381215468
17200,0.33364343528905693,0.2861163105956731,1.1935634581944932,0.03650245616460967,0.03765842076354336,0.08028587353222576
17300,0.2912180328159052,0.386525571344134,1.186514553656936,0.07266920821173108,0.07871233946219756,0.013978217508176927
17400,0.2958167951699191,0.49275288172131915,0.8687460175922689,0.04235207968618503,0.07745329804254658,0.06848729689607852
17500,0.5906063989872608,0.22248528165867362,1.2370896163202452,0.02505618358940629,0.06686493642523143,0.016950061064591727
17600,0.3037547122626003,0.26644515233013233,0.8676383712695839,0.028907800141640606,0.05614401877621364,0.042809261225221246
17700,0.5690568702825236,0.2051731806373718,1.040762627894955,0.09428247169988851,0.0789257877089461,0.09445152996713085
17800,0.28218426263807783,0.23077895785600985,1.1922676320370003,0.06815229828244575,0.013353412412897692,0.09644412697564396
17900,0.4752497491469275,0.5775502181142647,1.026819483123581,0.03648154992094484,0.05077086546348495,0.05397573986202741
18000,0.10983457402583882,0.36947469197930494,1.066604811227754,0.08162207564157306,0.03460423666173035,0.09027366545673572
18100,0.46125600495161057,0.45854417782132284,1.0935846782038499,0.09799104605777373,0.04200655478089658,0.0029619660885664145
18200,0.10441571523293544,0.5967093563461102,0.8566766051716774,0.0028071641389739166,0.014288032208491432,0.0671772201932978
18300,0.2687061419778679,0.2432974142549645,0.8500416304584175,0.08164484907629958,0.07900842615126669,0.07368312870543225
18400,0.12208956948431784,0.41821603456001255,1.1583642801391598,0.05934531915593179,0.06185183925402781,0.062056890171155676
18500,0.5827615517597731,0.2905987120664515,1.051137662177911,0.0003222138755055837,0.08465461347796187,0.031316476892064085
18600,0.5692364631060248,0.26674219159118506,1.1845309339762324,0.016642521684299662,0.05939451850645579,0.05829472577814842
18700,0.1949792285538108,0.3526505652748715,1.1262381237017047,0.054840777176342115,0.04461113226204255,0.06739946626253994
18800,0.35870266714018584,0.27761052090536054,1.2667334124560448,0.029659279887758197,0.09126301970296205,0.07647165158243964
18900,0.514336133588847,0.35534429053827365,0.9879397689237632,0.023743907606422046,0.055950672933200364,0.06713306074963159
19000,0.2295221275087401,0.3763112556595214,1.220892497921752,0.0676259552942615,0.0036450975024381774,0.07128227232489943
19100,0.1741880124248439,0.2469656357261021,1.1273175525250234,0.04593587838688258,0.021657565392518452,0.05212784129879847
19200,0.13147764435013407,0.4445355607532494,0.9484334789024753,0.03469681541246116,0.0654274897583791,0.043430028932454484
19300,0.4244604068637451,0.1528308013159256,0.9678296464323707,0.09780621497489099,0.005828714078889308,0.08387377239578539
19400,0.3590946932121827,0.3067755872962016,0.8067765133607768,0.0329135286377353,0.025930103994979994,0.04307462333957079
19500,0.446305805942004,0.533457431045196,1.131249590640104,0.014385280928670653,0.04549009812368951,0.009643402879622854
19600,0.4050206045887895,0.5159745579137007,1.0809183889846197,0.041125981001548385,0.06770911099729016,0.029998214084910546
19700,0.13317111827571584,0.3286927575202627,1.251072301533637,0.02879354116926085,0.04073627264942003,0.049260405059676576
19800,0.5319930976054656,0.3563955636738837,0.8563553769507957,0.017695915658095418,0.001858274675859528,0.06378483799353439
19900,0.5716055163653404,0.16456652362622406,0.8725225299552521,0.0754468212028985,0.09173022039193762,0.011306137231538184
20000,0.46004800035848037,0.13199739640689498,1.1265415506662897,0.05288403193713044,0.05120849911498056,0.0651511733669084
20100,0.5826892409349241,0.23826327546340206,0.9340124535652123,0.012777337813315692,0.0011240568985928735,0.09237153020539027
20200,0.12813404102878564,0.2180306166570624,0.8487696737821129,0.028877555039379024,0.08886479996988458,0.020885464780111773
20300,0.38225494834040685,0.1675235564196604,0.9027975465026948,0.09727902479882203,0.01664193855164987,0.061008008932618964
20400,0.2014430574238398,0.4091456692480392,1.263003108897339,0.08998308995505669,0.09259369157574865,0.08687473080976835
20500,0.38295854101543547,0.23312011514707617,1.062861990998334,0.07384576493070936,0.057692874236293816,0.0059169799601176305
20600,0.33311805182246357,0.3406760674264625,1.0628182609411962,0.07520554550941289,0.05164190950620989,0.039256411963611515
20700,0.205307857323366,0.45808731570319805,1.1966244371698558,0.05060389247877113,0.00011211406743475428,0.04477190172592993
20800,0.12902361221949768,0.39030006479393886,0.9600043266545617,0.07732246941709736,0.008820720363369972,0.09474798641618051
20900,0.14477005877573415,0.17984901380771326,1.1323438988954184,0.07657043661448443,0.035444860605068386,0.05111131893537971
21000,0.20890893237920047,0.38138145939284673,0.9733926990165616,0.09161538389399218,0.06365396608003222,0.08826914799759211
21100,0.15233354341914465,0.14434725254007116,1.2822603917569044,0.04207324980910128,0.03799281127905139,0.07338225776611067
21200,0.2431679653497059,0.3913508098851124,1.1517413847373845,0.09247261447908897,0.06580135869592456,0.0814749409813264
21300,0.5094423009644722,0.4346491260159687,0.9219298853934452,0.07161003920545561,0.003734370808181009,0.026970078998882364
21400,0.28839367114774916,0.36118884830870424,1.1736036060538415,0.09071825650142934,0.033896167758742435,0.014960761051454274
21500,0.11333076124582461,0.14523730089560585,1.1763066712383106,0.024596714496311914,0.062054249904640806,0.05929306132613865
21600,0.15645511772525625,0.31444257672770826,1.1112033401505679,0.006458601679494425,0.040695284344373285,0.08586722889780438
21700,0.2432889540536218,0.2599653169235103,1.1044739381647415,0.05053589470885988,0.05059133076027636,0.007001042002405755
21800,0.1336687722435563,0.5602126423949602,0.9337622498141633,0.02335849664406058,0.02000498379329051,0.05335712583192969
21900,0.4234186390894533,0.5149621367800333,1.1303870477479294,0.048772247702880925,0.010791379259358025,0.08329707701081102
22000,0.11888174872991372,0.2623756761660191,1.1111147546748146,0.0603504744425292,0.03373673374225921,0.085961890051001
22100,0.2987563125136592,0.5800759116321047,1.0513587298232054,0.07076521513397095,0.0978319156444129,0.012406369268233675
22200,0.1225564449328154,0.12228800186503067,1.224146000662632,0.027180099262725743,0.031202601549201292,0.026041322767076935
22300,0.23940261106193725,0.4480708614893638,1.0840494822557845,0.030318841256237128,0.0018861148798862805,0.08289323372155574
22400,0.5828319583367078,0.4863015989167443,0.8769889257618578,0.07894559896338638,0.05876403175030438,0.08795046824293988
22500,0.20047891523433067,0.20611520955962767,1.0359785963482562,0.09271364685213418,0.08852159911666885,0.028494385336898034
22600,0.4483860817070805,0.24212009206166005,0.9700577062942457,0.06923005151830403,0.08472859180054068,0.03995464773252935
22700,0.22092390790102642,0.23118532646081372,1.1982097638376301,0.09277646321906892,0.04109854978088117,0.022791473960627542
22800,0.5670533134826453,0.11145251863642788,1.013530528146386,0.04795681890972767,0.06536040510768873,0.03339556348727024
22900,0.2994404814634062,0.41388187588663583,1.0420881170830238,0.07188877535395856,0.01944304946421828,0.0723460914928417
23000,0.5792956361348869,0.40907162025670196,1.186960276586497,0.027562126461366854,0.07222145506190286,0.017527886546722337
23100,0.21180492280885635,0.13793281590719506,1.1963734109402724,0.08162179417115027,0.006501886787969247,0.08204528462040503
23200,0.46958284108001647,0.1197244154103492,1.2100462825179088,0.020984286174517267,0.004710093661320825,0.07852241349521172
23300,0.17881928730520927,0.5984566934388325,0.9318895465844411,0.023010584019237126,0.00029679761256323767,0.07464755683352185
23400,0.16177162749762378,0.1760215148809586,1.1810124348752453,0.0776984743793679,0.010404715334235239,0.06129999701414094
23500,0.4094536916239565,0.15476591712501178,0.9719367225650227,0.07161644840172741,0.030043603871496984,0.08766672093541666
23600,0.2602130719838036,0.2835062862733797,1.2617375130347215,0.029050909339030585,0.046758186532491114,0.07122989767615936
23700,0.1515656613915429,0.2672960817379956,0.9892590227035023,0.01934153583992776,0.06561832426830169,0.05605971244021771
23800,0.11502540983258694,0.4941929448568023,1.1865336601948837,0.0695657704924572,0.07821216340445215,0.0580814927276332
23900,0.30097078425671375,0.48211569817044764,1.1542218961326052,0.007678520541779377,0.016782152820712003,0.04965860654445056
24000,0.5738942122784095,0.5986383671889313,0.8273774674066687,0.03685580210981556,0.017317589285921232,0.04399266974321095
24100,0.4199982461919506,0.4489839561379684,1.2340364702581734,0.030313777378388432,0.013638782554645247,0.05846842339581362
24200,0.18384071966264184,0.5682001024502294,0.8276661357989372,0.08064929139118124,0.024042768984493236,0.07181740676978321
24300,0.20508953046815478,0.4296870267827394,1.0067126001251931,0.0717719450300716,0.05350987986096404,0.02184748789952915
24400,0.4396795930763375,0.5886265810101337,0.8944694391796928,0.039884068276935074,0.07041718295507583,0.002905578329807024
24500,0.3005895044957846,0.2943501135182983,0.8426754134695178,0.09168862784133926,0.08977059614261801,0.05329921934074481
24600,0.49014762962033265,0.28768494870380745,1.071773870945206,0.024060777185204874,0.04771431694509142,0.05804359025141891
24700,0.5174007836201725,0.17845086875116353,0.9131466381843953,0.046659550469349886,0.023168620599540647,0.07664220338770165
24800,0.3518668275899487,0.5660549099712568,1.1298632564304745,0.0690887132767005,0.09495322834521529,0.028562326728988854
24900,0.5021018462526193,0.1244690184496989,0.9979959168200482,0.08530351746853064,0.06830865114622081,0.008263183858602441
25000,3.2210216598411594,2.4182081463720317,2.863186142429786,0.05488094730839446,0.08870109228400992,0.09482514530999919
25100,0.39544469568496343,0.2860434438024254,0.9288268967235849,0.09984204434543485,0.058666370117289784,0.028962410170017994
25200,0.5170580216362096,0.5034788513452707,1.1105244770111644,0.061892636493606115,0.064011462572222,0.07024120595262053
25300,0.4771286540077009,0.1703146902112457,1.2911351211334137,0.06128800938487275,0.09849973138233388,0.003447299845655494
25400,0.4598590465091641,0.2679457510665596,1.190301107535527,0.04737362139566281,0.08996103188760605,0.014911098848012894
25500,0.33636957793413513,0.3576125920689939,0.8791288294114835,0.07904256800232957,0.09425382505303148,0.024883377459503
25600,0.2349393699153354,0.24159380440182496,0.8360911063376726,0.08181304351385793,0.0014194238205447185,0.011486259610544126
25700,0.4251666227297115,0.5876284256900356,0.9791382669504998,0.044897169000435326,0.06852821999732328,0.021071091464033867
25800,0.5691411300497254,0.2577772474793989,1.2642297082195593,0.002401283449832581,0.03615034922280774,0.044784151683405875
25900,0.16396569114603524,0.41830770662814964,0.8880118534316941,0.01649994379186437,0.0824470382072382,0.035723548893161726
26000,0.5669930008876237,0.1203445799756315,0.9926931381825298,0.008282553611819,0.051818834451115695,0.05501090081703761
26100,0.41899425769216236,0.18071176336734698,1.0834940952503067,0.05265262269923524,0.002677824613380242,0.010253780850043626
26200,0.353556587814866,0.47386576360081734,0.9467785825878996,0.05620948442371231,0.0012720272890841212,0.0777423896175623
26300,0.472656874679554,0.23397345416303636,1.1269216634402848,0.06239011026997148,0.07314640100157074,0.06664459037393346
26400,0.5242616958885316,0.5696928027998096,1.2765096554963982,0.0650384836387741,0.005658673361532996,0.04735533542915454
26500,0.4100880629838657,0.2530169194526065,0.9702954705358593,0.03067505661787059,0.0711290602929512,0.026137696998726558
26600,0.44104427932890633,0.5374488825732382,0.9562265174875988,0.04384756410029224,0.03531292203925528,0.04314538076766603
26700,0.32069435731272267,0.2748001474051859,0.9936952648580473,0.04555330403545016,0.07982917777022552,0.07592877342377273
26800,0.3777039016662599,0.15553879177492383,0.8148375692136007,0.012798260983780186,0.0889683169677334,0.049080120865600665
26900,0.3243320025681984,0.26078556017008403,1.2219501331944413,0.0675449339440298,0.012774983557176524,0.06954841092701923
27000,0.2125311689162884,0.4239415539950334,0.8899272810718735,0.009178234180807833,0.05925229545658916,0.04801642650486762
27100,0.42645882613300534,0.4799059292632393,1.0515063978681072,0.03850565505045808,0.0875765604229261,0.06550263210129201
27200,0.18910754969362328,0.16047293946950705,1.1170073894350734,0.009196323772511518,0.05397489747792958,0.054152025065641055
27300,0.4663948856098543,0.45656303021108546,0.8594869448399893,0.043178521416485954,0.05698395063772739,0.058424808865468414
27400,0.591306804069211,0.5515733847896688,0.8047982410762803,0.08238258594293926,0.04476655446195169,0.012854352438351015
27500,0.30014265123756334,0.2567663427049174,1.0175354616488719,0.030340323586856777,0.038897106706252196,0.06233037430915256
27600,0.3731024914487714,0.48241100930152736,1.2865992922646847,0.0005733764743224068,0.09850655399614427,0.002872021236993627
27700,0.18343558166692783,0.1982722526750814,1.021071161560503,0.03258117024797881,0.02938688663250201,0.040623322028699504
27800,0.4073806374355261,0.598976978054082,1.084132554742412,0.07879604513927069,0.0022150691974782365,0.01565760028636929
27900,0.5191541461685614,0.19154456674751522,0.8160547721371835,0.06385389707181499,0.0729535529078628,0.058601197559433695
28000,0.4208611316964168,0.2451839395667849,0.8347776924485603,0.056817485768034574,0.03089026067074323,0.08741247859993395
28100,0.38380530357936404,0.40064593606023735,1.0045815121047514,0.06224405859298557,0.05468940001506809,0.028272029845554283
28200,0.22886569303945928,0.5400671749056681,1.246085093932296,0.02398821826147698,0.05545644452720664,0.038404942685507294
28300,0.16204454904369306,0.423788152360562,0.8297707348479604,0.08988199546601809,0.01590596878656484,0.004341541557328288
28400,0.25116958784789223,0.26281776566688797,1.1203861873819383,0.09018246258164168,0.0002447203523995634,0.06669649380268955
28500,0.5594522602015286,0.39260710376869457,1.2715363216988358,0.07205228546808849,0.09796048364265104,0.06492707768784776
28600,0.4296395246365393,0.22287991281053107,1.2289653813172885,0.01781244579244955,0.06212268141259614,0.005671706790395404
28700,0.41209404014546525,0.1276885016147434,0.8387523113129343,0.016291879585271275,0.07141838270336963,0.09251819996137332
28800,0.5988727389069963,0.49326250077565137,1.1189061306473485,0.07451737783085559,0.018766087892315864,0.03708192998427408
28900,0.2697107886119009,0.25482200744064665,1.0045388200507757,0.08490839201883307,0.06124238910496832,0.05337848486908661
29000,0.40706291726897914,0.3862304347997594,0.9755859137220536,0.09893131757082514,0.06188404263656441,0.04764206195399156
29100,0.4983927703332445,0.14611423281147137,1.2971476438089806,0.0935028501144512,0.04455655279145831,0.07593010938547094
29200,0.16755113301764404,0.4262495244608281,0.8516069513912787,0.07102058954868973,0.000782364210514397,0.006588497522675485
29300,0.3177385592311017,0.2916956452298999,0.8305184051725646,0.015915514118581577,0.007839317742638685,0.09643454882566527
29400,0.24767711924538507,0.550161979043237,1.2380585637783348,0.0239029775882587,0.025703539587390956,0.0010492716271420788
29500,0.40405030536310393,0.1832522842064818,0.8033392615520473,0.019795555486356364,0.08275712368750521,0.052866646525761424
29600,0.4464162803341245,0.4881119103259104,1.2417720418837943,0.04049340260468122,0.004789615714887264,0.06861652269614525
29700,0.3473881395855858,0.1633741912926067,1.2007213832269834,0.09756553275788302,0.07017293581123006,0.09999881035483392
29800,0.41000253622139937,0.2335518592513813,0.9906357458291877,0.08465202195290907,0.09199289809824958,0.050346791129850355
29900,0.5584291321441496,0.4831845992526774,0.8874968939267704,0.047786710230428624,0.056254063254207676,0.016227993227227632
30000,0.3197135766039766,0.18919462114470162,0.8920087161938142,0.0630244900663279,0.03834767842949628,0.08116050557245318
30100,0.39523910222443215,0.47452691247477985,0.971405956866283,0.011067865901410802,0.014938538394209345,0.0067492046329129425
30200,0.4985558980513244,0.15038836709999429,1.0690182734774152,0.09783652423038787,0.07916980038696059,0.061365653388826914
30300,0.30040978143181407,0.41473318658914216,0.8932776857389912,0.05432807523413083,0.07097141943932615,0.04171550289056269
30400,0.27396749615567184,0.16656802776940163,0.9887167620376522,0.009838431882914535,0.040871444119706314,0.07726054224369149
30500,0.3913710557037434,0.42910066148863146,0.9951705696917934,0.08859737063907454,0.048541488649169164,0.05822958270281339
30600,0.5259263386504054,0.5203942765284658,0.8235746120201101,0.03269449535032677,0.07840591396518758,0.059226182515915216
30700,0.14598416158470054,0.5657506983400346,1.0987698212530683,0.00366168494756558,0.04420825687788228,0.00996245644562418
30800,0.3421995655591792,0.4440510632307152,0.8386104988410604,0.05042310267470347,0.08250154339769354,0.05940039624456781
30900,0.5914329613588535,0.25159952378511297,1.0014478695343882,0.03067274946842896,0.0002671599400443703,0.05023602446431903
31000,0.5532134677295856,0.35498588071279324,1.2148302571070047,0.044181115081546554,0.08843730436811864,0.07509679074394018
31100,0.14636419854804464,0.35955307111763257,1.2767948129871214,0.060775859211674436,0.04567577857921865,0.003779852036064435
31200,0.48452130181687947,0.20292183885129803,0.8904857825308138,0.05968320061076004,0.014141363386391959,0.07433192092829077
31300,0.32307587979971253,0.5575027467445594,0.8343380010079197,0.06551207772252977,0.007640684469872894,0.047230949201936934
31400,0.5654978491694038,0.46699216801743415,1.1962087832167079,0.09236151461306691,0.03598201064249431,0.05980297653886964
31500,0.16518419673956689,0.48432056433245085,0.8321691736807445,0.016947348740973367,0.028905630632536195,0.08702261315351212
31600,0.26879611238102263,0.4953977615397498,0.9146037109364209,0.045409415877898957,0.04039079417047395,0.07959030814500667
31700,0.14609401453491436,0.5238494013729041,1.0179542391167653,0.0221235381649051,0.007097392249816492,0.08772083617308588
31800,0.3947046308846546,0.5554060771502839,1.2144149654170124,0.054579590377947934,0.09706006972931124,0.058790821996247036
31900,0.5864067176599079,0.5350131948535757,1.1776220052276987,0.012637190978725578,0.09772793066206559,0.055633114683560414
32000,0.34915400491805104,0.17106768800131014,0.9247640429215414,0.06813654943040448,0.0323633981508774,0.05706350628620769
32100,0.3939543236765588,0.5225932355013385,1.0878000575964868,0.0353405086273527,0.00845834665507642,0.09746648625865059
32200,0.35763564810875625,0.31528253775477,0.9682288277628736,0.05381399784559843,0.03764806024598935,0.08254629220975845
32300,0.4791158829640635,0.2917810331428331,1.1243958955677067,0.04437417310790945,0.07212897238732545,0.02926795908593496
32400,0.1928279802751541,0.5976794698767534,1.230322326080882,0.01032522775376743,0.025323063348127894,0.010249215650330957
32500,0.30223053014901147,0.2645417578109157,0.8385622278103659,0.017903481341265095,0.04444842848933261,0.02742766246800862
32600,0.5395482962315841,0.5371919204837259,0.8646257994926905,0.04344236133896589,0.05004649524823779,0.005857039458016755
32700,0.4907807868025611,0.4713101679403614,1.0952592617601944,0.04191236473160734,0.0551386185133754,0.06917783755832099
32800,0.1748111216573864,0.5334915214964826,0.8269518519524848,0.06789396801669327,0.06089748553137343,0.07582174567303143
32900,0.5377689793920063,0.4878050064920988,1.2105945439154593,0.09760438656948711,0.06514067609042005,0.02002141895088788
33000,0.32225859440151305,0.5448241034847587,0.9876038172898022,0.01928719819236733,0.006885360831632926,0.03254548082027755
33100,0.2875730106140332,0.31395514756606935,1.1648408498602643,0.08233856672524925,0.015188696432819816,0.08352866497365594
33200,0.3463764795968429,0.20569564785462266,0.9065706724799469,0.06699847241497188,0.00599734452000198,0.038827617534532746
33300,0.1405492615785274,0.18903518852438453,0.8867289246121228,0.0009495587216269086,0.024982434738549077,0.09895430333065147
33400,0.23231284822044454,0.14954867326125412,0.9535229727305601,0.052503242301300435,0.07484569518217425,0.07285120871778931
33500,0.2591370371539653,0.5919839546966982,0.9046260728426051,0.07316942184342562,0.01688473874840739,0.017828237808141446
33600,0.20278416384722012,0.5897999249127347,1.1790519985945804,0.038165502522790856,0.07287599277208805,0.007845409655354619
33700,0.16553932486618636,0.5553474109429776,1.089713244724637,0.08455559624576982,0.035238930398439415,0.015876709789308354
33800,0.11825835804003179,0.3685290374616612,0.9802184244736849,0.017021381657812296,0.09707165171645744,0.011856575882507847
33900,0.42460710819467895,0.37093997064457607,1.1298529496108722,0.09865603187761582,0.0545074793961567,0.002471371681964452
34000,0.29619157759999504,0.1579226083994739,0.8565235327353042,0.02510963777472902,0.0726769213427986,0.08057112505765518
34100,0.51266869888167,0.44674841001144916,0.8463408670456491,0.09681541735283355,0.09211198786564585,0.038879120364979584
34200,0.35896782174965003,0.4798751514814005,1.0872140898211102,0.0648379823225526,0.0073426194978321035,0.043364052730711734
34300,0.4135212883686725,0.2416702440004279,0.929898323982018,0.09997790403868545,0.09314732531219093,0.05566720094371483
34400,0.3997192281416726,0.5493015728222632,1.0388330044057656,0.0086878907202967,0.02991495652527162,0.04292490403092926
34500,0.21575212486583942,0.2346217295267374,1.059861923203782,0.015730010736234857,0.033136866890954166,0.0868460470025842
34600,0.2915521625420935,0.15803896767300188,0.937627994221107,0.022102194097123343,0.051156589205906294,0.09713457137396346
34700,0.3981869355614934,0.5262929034321242,1.283511822169067,0.0847534080278206,0.08612331225517947,0.09260788299703232
34800,0.21435050811833897,0.5828585167751464,1.0966933244377883,0.005780126874961967,0.0030148721533902246,0.015343445237484944
34900,0.20693130459584716,0.28838297302987326,0.8229788026806848,0.01887668520717626,0.0055774485454568425,0.018513111383309355
35000,3.439478090499101,2.3876752549868754,2.979813996474461,0.04528539704554923,0.04165399827051425,0.09573640413601675
35100,0.25987467063091474,0.3251018531787989,1.227916356342787,0.004367616066289282,0.049431649686992485,0.05074390851362061
35200,0.17724668525502227,0.3146200447186881,0.9994286829114055,0.0982527513181203,0.09086855872098987,0.05676679131257534
35300,0.272798860779522,0.37950418639823313,0.8074495760669083,0.030442770383643215,0.01926895997591519,0.0906427905100139
35400,0.3158518667778968,0.3984914424556175,0.969814261173296,0.09490617855765088,0.02646641154166023,0.0743388725314086
35500,0.5376340683759713,0.15998119350239012,1.0568648856887524,0.03843947957906575,0.05829791991102641,0.036017032543751985
35600,0.1758659398754179,0.3288079150149843,0.9281952688686562,0.00959256470178893,0.00043465093728874973,0.06719552532344067
35700,0.5641324351447876,0.5517573324940404,0.9106530664731957,0.05330505690694139,0.039587855712096276,0.08334420330886873
35800,0.2665387271806009,0.47760616751080265,0.977375783296412,0.013383219460653984,0.004961784035097039,0.08807895605144732
35900,0.5872878339344245,0.13936086101742587,0.8902947660454634,0.048799172000854645,0.03189004364472188,0.01958979324804352
36000,0.3477434939148327,0.2055822769903253,0.8256732711310024,0.012045792939096767,0.020977423934532047,0.04659008519394841
36100,0.4225851568754949,0.530287810229622,1.065482514794548,0.07348382962835173,0.002169929146335248,0.04399441394240342
36200,0.5096574173314058,0.20881332055075777,1.1037827375167437,0.007641878017860715,0.0822115874673891,0.054987638743024536
36300,0.2587036351268689,0.5409668764681325,1.1047450991597794,0.07865720464299679,0.05800200489981466,0.09032605662779242
36400,0.28714183023786877,0.3987241907147647,1.1775487167522818,0.003716163748691226,0.06816277299481904,0.008728183056339923
36500,0.31495748121888767,0.3450527579897795,0.895113034741615,0.014782315080146614,0.026853033676232953,0.07854709424782186
36600,0.4374390087467048,0.48545783949018084,1.097408377016308,0.0346257230951156,0.07811822245274982,0.02631661373145766
36700,0.22228106199754835,0.4904282390290512,1.0382321105674353,0.06917203607935134,0.05612462596251314,0.09380628331281692
36800,0.5803033615443014,0.3989328229371978,1.131169446611291,0.009893649843732033,0.003748651862728425,0.06466419689129892
36900,0.3211518737935939,0.4687425071428337,1.2374234966851485,0.04312566777353775,0.02626349441618855,0.06860084198263779
37000,0.5648518391135786,0.14608038047686314,1.0750603964331968,0.08510461915889934,0.09011821441314317,0.03963964519676355
37100,0.3264061973638742,0.4959737295152883,1.074003013875823,0.06470064674818757,0.08830074206000833,0.0080452605960731
37200,0.47297357232304904,0.1274802655933153,1.268540942573936,0.06235967573955686,0.04703250284528063,0.03622944273288401
37300,0.39676647438840706,0.1065878398499445,0.8256873745678613,0.010120098799341826,0.06112558456108311,0.08259734527390808
37400,0.5279549818456323,0.5751368827182067,0.8377379055317036,0.02711427733032328,0.08602472989433946,0.026592891669729748
37500,0.21871293237337383,0.49243364473531737,0.8375111365231586,0.06777504283682743,0.023964746967876285,0.09967646893147536
37600,0.21781206871606465,0.31309951320467544,1.0355366105572446,0.04481766689153549,0.06087785030694601,0.0911944800249947
37700,0.5021048648134483,0.2533684177489718,0.837687926332942,0.004747223095307729,0.07707873074003,0.07657879611402303
37800,0.3195337030953679,0.24594295909626704,0.8540811915304083,0.08547788907531771,0.026825600459162116,0.09579866518128852
37900,0.10303660976879522,0.10860277230296964,1.1933951633884408,0.06086990517296517,0.07400407481040006,0.03625038717705511
38000,0.5873536733168222,0.20175438857183112,0.9438579542736989,0.09101823980478185,0.07974995322942227,0.0798881539599685
38100,0.3837168309799961,0.4914729212927412,1.1028984585598085,0.053888574114493853,0.014708729281757593,0.00011563397998288761
38200,0.3836448591338949,0.2768334139960742,1.2666724210889684,0.07081163268048542,0.030614950855690562,0.018370939487824155
38300,0.29645550966778866,0.2613879747825787,1.116941830661312,0.03311801361018917,0.001417465724920075,0.01721580158650816
38400,0.2575634062569172,0.4280606016961209,0.9207683415667827,0.01784409481090934,0.08957778691121825,0.07796253332952158
38500,0.3018618673246424,0.1976087397236259,1.1373785439109014,0.07390220987769819,0.008166098480732477,0.02063757183724273
38600,0.408968735002433,0.12744931322363687,1.1902134712473982,0.03198162686633468,0.048836843392576205,0.004935395539876164
38700,0.2006415600137876,0.5191172380907026,1.1094729610594773,0.0878910236805153,0.07427514940148634,0.012811511959372046
38800,0.492756189140898,0.10432148094309504,1.2036593391471573,0.018792529167398778,0.06974958194460616,0.07607497090922105
38900,0.1064692581210668,0.4163760378251927,1.2727277854536685,0.05777128617072163,0.04742486351791796,0.01833309625121651
39000,0.5984442703965306,0.1232110897738595,1.0265827017248426,0.013579665945902665,0.07732417657265807,0.019101528775038824
39100,0.11576322596010777,0.49095337052403465,1.263293370977873,0.05845074046572305,0.0927506459048969,0.054525845691206415
39200,0.1812039640597379,0.24818769470232668,0.875561114473469,0.07912234842078039,0.07261351297290236,0.07272836852543003
39300,0.27860579457829704,0.20005722125814326,0.894595019541428,0.07978590854857867,0.04455262701407075,0.09403282984357068
39400,0.34753478130704685,0.18859456216357653,1.1867952300045967,0.04362110508334606,0.07328526745391302,0.06153719791121878
39500,0.2852461663216348,0.5252256956844044,1.2029317081242406,0.0840339893508333,0.05691153816415634,0.039197222300379336
39600,0.41520353647066877,0.23282913241678696,1.2515399505172804,0.059600557502463625,0.05842443511147776,0.007504486241377218
39700,0.3907011197820873,0.5955040966385188,1.1114522600464982,0.05979722378432467,0.02451678443770372,0.020663761396136928
39800,0.4430878356390163,0.2132782227132526,1.05629744782957,0.0028766824146592707,0.03258895571994082,0.05845021384420629
39900,0.35269480166829836,0.4332186938328344,0.929057919745568,0.0029383517444164457,0.06496029014985225,0.07075923038925917
40000,0.5101081281382084,0.10614275698436518,1.2601794876856458,0.03502301255222523,0.03785235936926712,0.00022267332238044003
40100,0.415806017179951,0.48472790893720097,1.1205504835155284,0.09827201734790542,0.07273995806620676,0.003402979920288274
40200,0.3039964239703421,0.12106213466357793,1.1979599096226634,0.07365480482773894,0.042289068959887134,0.010591027059798232
40300,0.1804572181429979,0.5377679661788897,1.228345187244726,0.01971181110545599,0.0737058418281545,0.010931279694313801
40400,0.3229516059246996,0.36421762323908546,1.1269677720623492,0.0065525556922741875,0.05234134102966839,0.017766539241676527
40500,0.5913292211959383,0.40292528532078364,1.195345850772301,0.0319087813818013,0.09390668895189586,0.033267216493802224
40600,0.5430219262199234,0.4251628742773297,1.0132445665135015,0.029770010373465418,0.07294797636770468,0.09921554133480358
40700,0.3270535517202381,0.2627238546774825,1.2045937400481999,0.013158246401564178,0.08197873578540882,0.04653014951359892
40800,0.2589757942541696,0.4713999441823543,1.1883026175030724,0.07234448020609711,0.08491493689846295,0.06760759053589836
40900,0.2915746247357043,0.15761454832176988,0.8881581411742003,0.02727275705211174,0.05395686080309632,0.03839740710773011
41000,0.22530528270711905,0.29324888412507655,1.1028198374447749,0.011768339397020156,0.07270454622639914,0.06236505999988158
41100,0.48333847073318337,0.37669415363843484,1.149580916404402,0.01769661582519656,0.059480392271974825,0.07886709480419996
41200,0.4032470134091972,0.5302402740159874,1.2791259380094266,0.013729232062532716,0.03648848528071215,0.062004119235334866
41300,0.23597426598153273,0.5410042563939539,0.8448728756501149,0.08233509315975962,0.013567174730857445,0.016176453456462705
41400,0.2771606160988974,0.5421390347512748,1.155506596986084,0.05042264477464321,0.07997459597429168,0.06486955164048551
41500,0.5339001687169294,0.39455719770899,0.9966930680141677,0.006512062732108904,0.0292264911120229,0.05097835554906508
41600,0.23203306817224836,0.562765818548089,0.8630711058983047,0.0476669892834835,0.03632313264434286,0.05756031222106
41700,0.36717029696653825,0.19689179458977,0.8603767224226904,0.0978829001191051,0.07535544259578936,0.03480143841918705
41800,0.31160099442525846,0.32727489160060474,0.872098038308543,0.020495647587313315,0.09801039131803907,0.054299144849396574
41900,0.11038521737137127,0.18338537229162968,0.8041231931457177,0.052690311110927895,0.03340575772251982,0.08028976865564252
42000,0.3728189867930002,0.33504335666744445,1.07350786107609,0.09801498367260227,0.03101710968285243,0.07728936692269395
42100,0.5732337979123348,0.19465917109661054,1.0427433777471389,0.014861959621022991,0.003623452483540979,0.06068482916115208
42200,0.4511807363976619,0.2563404631928867,1.2541160259532722,0.05903929549429076,0.02673937974392826,0.007290117373771544
42300,0.41508412284299157,0.4656254217247431,1.001376073925052,0.07175770515878864,0.03162976142965223,0.0001935376758292029
42400,0.5808316057698503,0.5472542376861724,1.227636754608181,0.08915582893582676,0.06312380957833018,0.0642820463090562
42500,0.5840955210225237,0.4255431113583924,0.8914481713405762,0.04583907701902129,0.08432312006142217,0.06928737431750458
42600,0.35495269387966655,0.25291253131780644,1.0326061414397467,0.051448609909849834,0.028083030737168724,0.0024073898631219674
42700,0.51773806974432,0.4134606583937447,1.0774310135863634,0.046240699162993275,0.08803201035283081,0.03847002273640633
42800,0.10549239382196265,0.3961962470456848,0.8993685266870027,0.09428690758969162,0.06549902572027651,0.09771782731158846
42900,0.14294852864189153,0.49587666068837866,0.9087757499753364,0.006534227252934399,0.04353043109327618,0.02502594065412621
43000,0.15783798316082068,0.47311294921549063,1.0627280033045612,0.06758557844509926,0.02316115643032739,0.00045544270523699697
43100,0.28690462710967335,0.5281116432602657,1.2903973798801156,0.09779938724346661,0.018865850382206298,0.03964629794319387
43200,0.23924582872628378,0.17576564490220695,1.0416913555369942,0.06943397656692761,0.028419543331427724,0.0202011771167822
43300,0.24396184642003485,0.41786389602920093,1.236299063210198,0.0914313233271606,0.05044439349818406,0.024143763106325836
43400,0.1244377103808185,0.5754322551781017,1.029974344033531,0.010021845567788968,0.04849204062080279,0.023269039844158946
43500,0.3008356655266212,0.12204952549126682,0.9058148472302217,0.04468745808827229,0.03647370107932698,0.05025556069215881
43600,0.4347971761209033,0.4718142613369688,1.2596345912661293,0.08380182865004918,0.07380216355439967,0.06731268941950368
43700,0.3330839647911482,0.34365048543895493,1.1742563757187678,0.07527153123685455,0.019458940883457,0.04308238175046678
43800,0.5188106005557869,0.5219998491370977,1.2253627247227694,0.08024617815861523,0.03161050058235409,0.021763474258826923
43900,0.25874670704821146,0.28421329291411435,1.2681115438363533,0.06282572277763597,0.05857032996700831,0.04987204011908684
44000,0.22825118898304134,0.17566070653142304,1.2990040480985126,0.05550679765720759,0.05516613716681969,0.07370163439458147
44100,0.30309549171987227,0.4437545275648018,1.228044795720939,0.01690617555038213,0.020195852903430667,0.007786551953768983
44200,0.12114157562434055,0.4947098094508551,0.8496655400451323,0.05714432320545722,0.005109770618536203,0.09455321713824506
44300,0.16125538701182943,0.5227794889189504,1.0739316505515748,0.06796069732861308,0.08465084184608523,0.0051211810118195426
44400,0.2792874209539059,0.10242652510177216,1.1857975309550532,0.007305345480351911,0.06374111768489013,0.07396041997900962
44500,0.5829974524186946,0.5462784783003467,0.8239777508871833,0.09802615503745453,0.04914758203668922,0.07845901652856452
44600,0.3777083204424795,0.5303888163329349,1.1141108512815843,0.06152811205197142,0.02796166660947085,0.05080464280941265
44700,0.39354747792265277,0.16063508124309014,0.9837224044302485,0.08749070587705489,0.06179526484449123,0.07248819902064108
44800,0.2739654355247967,0.2813567358571991,1.2682704072513211,0.02589418790824474,0.09305047925239812,0.01743227513421891
44900,0.43773135585581835,0.14841851094631783,1.2514857298590287,0.0934153410234409,0.08977099515822679,0.02991724826156913
45000,3.139247934411681,2.3980472821607024,2.929556358287665,0.06836984539123632,0.09913000630161758,0.0337827233874536
45100,0.18686744755056586,0.23555083127240392,0.8962600066701641,0.02697836855102851,0.06161064095906846,0.040871558460572915
45200,0.2022795192462066,0.49594585680939896,0.8155716695329505,0.08065080980075673,0.053462849989304874,0.07419528344599872
45300,0.1388409286184247,0.31515125471566874,1.0681564506966008,0.02912983348958688,0.025088004101655514,0.0546248007266642
45400,0.5602139219543366,0.2756869709212888,0.8602112136129273,0.008495609341757249,0.06130413758335651,0.05033038237466449
45500,0.24618017033420367,0.4306403806103444,1.2669994442162873,0.019328920974661934,0.027269449810977855,0.031011253600304847
45600,0.5062394409501983,0.450988719084361,1.2237615241514865,0.023716901896313026,0.01253804604079417,0.05198911715879552
45700,0.18904607409746108,0.2526199181023464,1.2448635819499803,0.07227934861146838,0.006655006355246018,0.08064711922399538
45800,0.29392743192434634,0.47111125199568393,1.1990588021648494,0.050083779220376795,0.09949788831587242,0.04441753646513568
45900,0.3460964039927227,0.5895425795457554,1.1708778960177078,0.07636421658552338,0.03160069329995835,2.933048687504547e-05
46000,0.2978970379664153,0.438635239072094,1.121152333378632,0.02185708410033417,0.09481669971848687,0.031198809189019096
46100,0.12961611705355705,0.296122956202723,1.2753084313882903,0.02987326217322116,0.022958865039843446,0.016500871036696653
46200,0.12738810697952987,0.3048162888972935,0.9973818689422003,0.08915086299831745,0.0143972003226585,0.0461532616556657
46300,0.15657722266990823,0.46963389963506574,1.035075488308081,0.08290739118300047,0.028429057275317318,0.022870333235522157
46400,0.29805479915277266,0.41183867700603627,1.280432578101711,0.010257476505900687,0.035417452757026784,0.013163514592849302
46500,0.3226442545464111,0.17662605329921835,1.1682285799270233,0.003015157465168561,0.028267273701259955,0.05704725515461026
46600,0.4229474235273818,0.46007401941519244,1.152737738686662,0.016287306095986245,0.06633140245369123,0.08637857469757161
46700,0.10118598658513164,0.1547355512089865,0.9703139789575419,0.01973307554839271,0.05035965788106254,0.06806578257484269
46800,0.12792403709600572,0.20137528987814304,0.9002778504828606,0.03935620969714883,0.09085971938937351,0.032320056095289006
46900,0.12225021923261023,0.3333686912581604,1.1120248000981279,0.017379955788364845,0.09878396270420005,0.09298437690200205
47000,0.5032349144422607,0.14084832044473536,1.192299666246781,0.048635699634671216,0.022971992548071987,0.03808242007621444
47100,0.5602491202020973,0.10343184687661242,0.826203011390007,0.03843264906521118,0.07585123483438505,0.026136199477908198
47200,0.5056713234672587,0.21911769197383466,1.2571123339294075,0.04073457664912829,0.033248630381952984,0.09600545616345306
47300,0.4575083490099935,0.28529864949339756,0.8159580808233672,0.06605005802557316,0.04200602432007863,0.09892165248728746
47400,0.12725731592192632,0.1696100495911322,0.9297543045790921,0.07957053884458277,0.06391463927536267,0.06093342853365526
47500,0.24393326350556152,0.4417935027111408,0.8070994356152401,0.09217124660944016,0.0811195328664579,0.09967278393238234
47600,0.365474275774894,0.23798078803305225,1.221266210931075,0.06704662623673606,0.03547283715080381,0.04694953238084194
47700,0.11945413676752722,0.2920988131728576,1.0333952147222294,0.08614872513320579,0.019969310228240535,0.05517411134227156
47800,0.15246186482344534,0.3401982244801284,0.8621846167819294,0.02333231237726663,0.026115041120379767,0.060302625131339195
47900,0.46711142848408216,0.12424389407473715,0.896309082568252,0.04043500066844291,0.06070362956748705,0.048402747012813475
48000,0.2717615025283294,0.17309419015345442,0.8789053115580326,0.021103754934936537,0.03342476488758341,0.05466894469908075
48100,0.4615688745106482,0.24806028283202167,0.9120167544682718,0.08853808787047253,0.09901722923584089,0.04240873581845455
48200,0.30155809156891733,0.5028257179644811,1.189876629387391,0.027313717901275528,0.09418835433232597,0.06062652598420676
48300,0.36386801847625727,0.3451862562214455,1.016937355924722,0.03905535971536106,0.019104490578164792,0.06530228637588258
48400,0.3291267109615593,0.33015935899876625,1.2911607442813429,0.01976515968837336,0.06408602144288955,0.030604842604017003
48500,0.46919126838507574,0.40174723045255634,1.2321171815998901,0.04117840676314338,0.06078859995660357,0.020763782926338438
48600,0.25399886334778743,0.15995488995816257,1.0495480114428977,0.0356892262754828,0.045379721792313026,0.09649793996006467
48700,0.18923222530132142,0.47484485064397475,1.1653099541351013,0.08831326210731374,0.02576973290055632,0.0849737823091313
48800,0.5825445742852304,0.17828472248647667,1.1208889707125222,0.06499249714675175,0.058287988169459126,0.08881117853843415
48900,0.2758545857514314,0.14864132541651828,1.034513667811351,0.025979539875681825,0.05650352139771112,0.09660701097624293
49000,0.29902008373175437,0.11528781769185117,1.0253966949193971,0.027236541978965426,0.03445734131716135,0.07384797875626817
49100,0.45636139276403653,0.5129889658229428,0.8525785820167292,0.0400506107266458,0.006162274054825845,0.09666356058944425
49200,0.16622472042297856,0.27374434171380446,1.1135183047358572,0.04485739597957705,0.0003859905530423813,0.07662341212715656
49300,0.5986760263992033,0.15157579317922262,1.1153740618027488,0.03168157740257506,0.06432090481381601,0.03091266264755689
49400,0.31146138990022243,0.20940199861759448,1.2833393358653982,0.07429054884509032,0.039996170761159994,0.01581982950956091
49500,0.5447372387635103,0.20946440651362183,1.0828821487714513,0.05852854399577313,0.09768926067008327,0.011588294884705364
49600,0.23978368127549823,0.41872651259817306,1.139901153986894,0.001886974877576586,0.011564582396355983,0.04628764650195669
49700,0.5879874891639953,0.13861334168550896,0.8876502372706981,0.010704180912799545,0.05119478472623482,0.08249491605182174
49800,0.3440521258427468,0.5758778099989303,1.0489271591482723,0.025267303539258313,0.08588572637809505,0.04530212694635874
49900,0.1787407938347735,0.5498555817597985,1.0750509904293946,0.014391945639030436,0.0376442352773294,0.04104859182101409
50000,0.4504429572941294,0.12206602353100268,1.1718859869450193,0.012132440279126466,0.00010235994221254875,0.017032029819475148
50100,0.5300805453007466,0.52738001303873,0.8904063592288936,0.000540996828972351,0.0972631720588467,0.04466540180689023
50200,0.15435217502794554,0.2664632783106735,0.8498590302418212,0.010749428362686386,0.09760976113182378,0.08186073791208856
50300,0.41714649095492584,0.2206779355027018,1.0008297682030998,0.045925482952176536,0.028186652664086476,0.04209074557366276
50400,0.3450496105780686,0.3221937109038838,0.9244182257047113,0.05079162109555513,0.05198164134708632,0.027598169088448157
50500,0.2106175763104128,0.5317875622667553,0.829622928378631,0.09126172869053806,0.07947277970554659,0.012856296700810732
50600,0.5183154136773803,0.3425423378563279,0.8436719558328802,0.012676744215156034,0.07699783044581521,0.021307776162258332
50700,0.16383760596611227,0.27881635953466044,1.1568938258419992,0.01010531789224094,0.09181292694530102,0.024073497151686597
50800,0.5682451481775408,0.3751852786959251,1.1023358424501148,0.09077306985449297,0.034956942227986156,0.005986206649414395
50900,0.45528888472649853,0.47813096182563064,1.0987242004422797,0.021879658174651286,0.03179256618676046,0.025223119953480144
51000,0.18309451567769366,0.21516845952184613,0.8094589682631932,0.013787101860159323,0.00903317752877374,0.050466336198100786
51100,0.5574180191048578,0.11313302985097981,0.9342712180285597,0.017732868346602006,0.09515182054055543,0.04429965331925648
51200,0.3795890117400851,0.5395173106351578,1.203184758293189,0.04250189117129899,0.08437159743932614,0.0023892250040661867
51300,0.30351486932024485,0.41924581735953637,1.2367256670534998,0.06918255769266142,0.012488450811357122,0.09178807042819415
51400,0.13164745276255072,0.3597133813988459,1.2549208486870504,0.0024071664636270643,0.08174177844279344,0.09920760477318784
51500,0.5265709210423157,0.23752992594321157,0.9587345974849018,0.04834154102354184,0.03145846597049599,0.06767041581321787
51600,0.5690449946939197,0.28291683676668644,1.1691483181906386,0.005972093642202969,0.05132291153015748,0.009712130331343605
51700,0.3625541978385548,0.5286663950024284,0.974308669070469,0.02183703643781946,0.05811250049472802,0.09472505845614895
51800,0.2204247790592551,0.31085132366096535,0.8531386558784602,0.05317561576061978,0.01263396937517216,0.028945852965971464
51900,0.2721501349603227,0.49951568127309753,1.2677504592550102,0.09309281555798901,0.08452045447006461,0.045637428110606504
52000,0.36596837434887197,0.5850663321410974,1.2605591290459734,0.04727676472645914,0.08140886078934911,0.04409047226735489
52100,0.3654038462803372,0.5659779468251825,1.0719632977475122,0.027647315632628035,0.0922646001521979,0.09571610496541376
52200,0.19178509944718505,0.20098917940201835,1.0300327066689638,0.025426568896173465,0.016096865601127563,0.05993065950242998
52300,0.48977092118330423,0.33552567798573785,1.1276044208094325,0.06062587618692018,0.042995395920243276,0.06314961631999771
52400,0.2839142297361913,0.5361131275126825,0.8793751948989895,0.0992075983774714,0.09502591957905412,0.029620256354062225
52500,0.44173895117108475,0.303292545516444,1.2116827485541595,0.03545001002170919,0.031719609467848596,0.07312264604864864
52600,0.48208129724691284,0.246297527864296,0.9554293321118233,0.03949285431919278,0.061479096312106546,0.012443909717521363
52700,0.5567678386941012,0.5641528919111027,1.2772863096543445,0.025105858445029217,0.041270185599710324,0.024816277777062135
52800,0.46203639144558095,0.39330852524105164,0.8868658892590399,0.06715692936073744,0.05950618731652048,0.028562010647048552
52900,0.36472243558867457,0.1771945153764031,1.011244833468953,0.0704534438486639,0.07133863625493779,0.0933480404008448
53000,0.22778428463382186,0.37765655332190795,1.2642075322738107,0.07223396737049266,0.0001192918795452913,0.031608843994682126
53100,0.1376873252831716,0.4713467000550702,1.0615083573792485,0.08284176379612405,0.07836859425113833,0.078227206599041
53200,0.16926205956131227,0.19649387871255677,1.2862612506072113,0.07148325430937484,0.020290679013546933,0.07404519435403872
53300,0.128384608143388,0.3512617374627329,1.1286346281213626,0.0326149545875522,0.005928952553291134,0.09971300942339906
53400,0.2528115443327079,0.5723939866732265,0.9016775700946258,0.055371694120293226,0.07568353645564256,0.011227792977734574
53500,0.225074007585064,0.5906122268196293,1.023899186229483,0.079705285519348,0.056154106710885,0.04601549047507586
53600,0.46378389441869217,0.4406674397196535,1.1340385150800092,0.02065958570624964,0.03281932840271724,0.01940250403813242
53700,0.4447944147395003,0.12879648415652198,0.9830021835620952,0.09627027732598134,0.07074369973575344,0.04787823077936363
53800,0.31302443044174144,0.4142548079942173,0.8849933290829087,0.07734146416672183,0.035696635309993965,0.04933177266555633
53900,0.19947892071351955,0.5085674435858295,1.281841524665631,0.044590499463690605,0.06240671715164971,0.04564460353525151
54000,0.5205287935201519,0.46317012746639963,0.811359631756061,0.041481551313273204,0.0685012822796274,0.08643139583742432
54100,0.5809794292406266,0.30593498315649625,1.128187473695202,0.0008854939756092084,0.05055345944146597,0.02318365493113077
54200,0.2661192411142196,0.46102104989416703,0.8703372296170504,0.005584059694588195,0.011963831837391426,0.08856919973610577
54300,0.16836421096554918,0.32909266378036395,1.2603502688139778,0.08449970512589017,0.09213889541279295,0.0686893010850866
54400,0.4757601239573054,0.38135365805413723,1.1263209650793653,0.0862875495670066,0.009734769933224398,0.052519505582546366
54500,0.28738169976715777,0.35356201006301435,1.290528724105713,0.06886583162238702,0.055566470231894496,0.052852327761294504
54600,0.28817431033135643,0.3321530819129711,0.8508687025261958,0.07830187238984282,0.041655849424993535,0.041157095662581245
54700,0.25833436139569377,0.5463505881068814,1.247777695877894,0.0341945378125717,0.005285495870769353,0.06258026187662034
54800,0.44374368291482524,0.17223706044879752,0.9035783223802623,0.07493874107961705,0.043204583431083736,0.05323246145199138
54900,0.5859985007254581,0.38527969334729095,0.8056295825132052,0.0640836949280021,0.022687204155224863,0.053778381050976
55000,0.15758463578885343,0.4910208059260808,1.078906957294868,0.07113981276099839,0.08487497120353021,0.06260346640365126
55100,0.4516852524924513,0.12142354901870625,0.877872478614915,0.004918137919949195,0.039832176755754595,0.07542389478347912
55200,0.30541130977343545,0.3293403033529061,0.9045022534987752,0.04894460681703627,0.041326909678660165,0.0018287265586791057
55300,0.5982405040149191,0.4015253691655988,0.9595242355702923,0.0495267185851265,0.09709825057279022,0.02778861835838983
55400,0.42889179819501744,0.3817218168055454,1.0401345942016613,0.029068992423776075,0.041746317459872874,0.012376811218081596
55500,0.20699237372201887,0.12818567610234408,0.9035242677791449,0.04594862248832119,0.008122402146664787,0.031263176020670594
55600,0.16965784266842507,0.5157760066272418,1.2998052939092926,0.039783603783867666,0.0071065302301276945,0.045240729580402095
55700,0.5579891904860926,0.2967944835947629,0.9391754944226783,0.0577807306562725,0.09863849666568014,0.08446657955502376
55800,0.5727489705697493,0.22520793767345362,1.1613689411760613,0.012429636344484374,0.0281468054348179,0.01925615108403719
55900,0.3619369590634096,0.18329773314468104,1.221305456609233,0.06886104089660233,0.07840268662407125,0.04095665002166704
56000,0.34037161236924285,0.4907638054939487,0.8844583042454797,0.022565205476670614,0.03742512778187127,0.06687896013411403
56100,0.545596081399825,0.4000012457315584,0.9973978396618828,0.0015338196631419334,0.03784980464747775,0.09178690734906358
56200,0.21861230150476793,0.1313837417513418,1.2104772201076688,0.006588641882373736,0.08727358772226967,0.01492928032462928
56300,0.21607722234033075,0.5036863683585648,0.8291122146184055,0.022668683685283953,0.020762420821813378,0.06371470265230327
56400,0.11516466732785749,0.28607900400608854,1.0800093639706505,0.017312775038499508,0.05507404899691015,0.026856110736588404
56500,0.3663317384620389,0.3601028399867092,1.0416939779274768,0.09634398306927815,0.07131192645815058,0.0910991380611908
56600,0.33489057348786866,0.478639384115066,1.0354979024957225,0.04141094203245167,0.040934235712241876,0.06600151429810447
56700,0.10458491557288921,0.45680013284304977,1.0230371435168364,0.013966765719008067,0.06607828967286643,0.07329866068956385
56800,0.46988781833071125,0.47599077166589754,0.9007131487929627,0.027847583272868404,0.06690330399485243,0.08762876030941819
56900,0.5267412313368245,0.2374383782675004,1.143122119523393,0.003599197515418595,0.019130820868994924,0.012865567614949126
57000,0.12835679816113418,0.20643021661668068,1.2499878471502186,0.03602678850858543,0.09777123340985451,0.01768438574731591
57100,0.26847624604778353,0.1941274339474203,1.0174955992469716,0.055471465042878726,0.04343282463631816,0.005022960711873393
57200,0.449218574955921,0.37935617328082594,1.0574055221701137,0.00888776516780565,0.05855107073042984,0.08210305094525856
57300,0.5561012033771278,0.5215045711547415,1.0184203046401215,0.044493235009432856,0.00828075480595879,0.03657524026608866
57400,0.33667770982546597,0.3737727864533722,1.101116728840041,0.017355790720352537,0.06846421493374477,0.010568871880876064
57500,0.5975335609020773,0.5005757262092402,1.0634886984685838,0.06037016809304542,0.02764824916672869,0.08999501931359938
57600,0.5719214554246824,0.5402137754259677,1.1715240975865595,0.03788583107007936,0.08632728988968402,0.05002900593490607
57700,0.3125565862745663,0.17166222575640652,1.0437550423165751,0.05535408711916691,0.02885197511881642,0.06784734267309121
57800,0.33960043014848085,0.3674320217770365,1.066568884340923,0.08240054545386769,0.012064827444420879,0.021049421141616443
57900,0.11502377417887341,0.3008492299569069,1.2270439141062042,0.043912630868586766,0.01735278692306538,0.034463933168355367
58000,0.5623568255516476,0.4099482349345792,1.0450423172494738,0.03313758755792199,0.05630043475363805,0.08476283260710336
58100,0.26152976550735296,0.5132727714769774,1.2626249999305648,0.0157196529196456,0.09232223532242351,0.019454649084869803
58200,0.56638902305225,0.16878862199805392,1.130800339667429,0.0968805267036106,0.019137035365380098,0.05706537034573429
58300,0.18496397350323598,0.39357593660763746,1.277510275077882,0.04117674373067773,0.013603413888884586,0.05819865586620171
58400,0.5613671857689919,0.32666355657356083,1.2287479569836994,0.0036293440984497606,0.035339031930788745,0.06959870514377042
58500,0.22729097177671795,0.30535445058804134,1.1502674452206,0.04711464731971428,0.03833674914992879,0.017192773098554406
58600,0.2693958533774711,0.5815285376447797,1.087653794112597,0.04515496333859729,0.019121589862015842,0.07583104411177788
58700,0.12926263595383838,0.40255201091226933,1.0268033093753386,0.06782983018994192,0.004524940571187375,0.08236737368535546
58800,0.2682081023712872,0.3799869645336361,0.9820151812620792,0.05211289641617513,0.007038866926570509,0.0680647409071267
58900,0.27074766722988297,0.5154309656605991,1.0786098403419793,0.006785418701382085,0.07558630677807265,0.05751377924177205
59000,0.33753036915734813,0.3018692836112229,0.9962262439939662,0.023514612159048764,0.07152318736509199,0.04127800156001474
59100,0.35074926998082245,0.17562731283387908,1.0209795764330845,0.007820473511577242,0.04178662180789819,0.0022520880958682653
59200,0.5437140695477733,0.25836804934408775,1.2588985738596299,0.04439538260181624,0.03131376116726742,0.06948502192216614
59300,0.404540896371094,0.34026421637597937,1.0186398938561148,0.047538519701045535,0.08401987252511585,0.03676998716248221
59400,0.28304665910627824,0.23164162078478787,1.0934158508814567,0.0006133932536844689,0.07500849050854781,0.08067247161964336
59500,0.4945187491035491,0.5889192009031045,0.9834634257970195,0.06951793463607583,0.055139258902734245,0.06888383149270473
59600,0.10242656792931745,0.45621839280697973,0.9967110143735436,0.02800936114586974,0.057881414387697366,0.09857232370065358
59700,0.5764969838967033,0.30196433947149715,1.1641390293668528,0.017058256905992553,0.028843894901982393,0.0002374097524148855
59800,0.3095850261108817,0.37550445900589735,0.8461794525098525,0.06256978341201379,0.0822570788903143,0.027613708591798892
59900,0.4852345569055746,0.13774745569238325,1.130529100694557,0.07339916246588953,0.0050597457655702565,0.0215354068859274
