t,ax,ay,az,gx,gy,gz
1764917983684,-3.1268275,5.315128,7.405266,-0.002443461,0.07452556,0.002443461
1764917983735,-3.1196449,5.4324436,7.4148426,0.002443461,0.07696902,0.0061086523
1764917983808,-3.2273839,5.4180784,7.467515,0.014660766,0.065973446,0.02565634
1764917983859,-3.2345665,5.2002063,7.489063,-0.04886922,0.010995574,0.02687807
1764917983913,-3.2585084,5.2145715,7.405266,-0.029321533,-0.008552114,0.02321288
1764917983964,-3.3758245,5.116409,7.192182,-0.172264,-0.064751714,0.032986723
1764917984016,-3.5242648,5.1642933,6.5098343,-0.44715336,-0.14049901,0.095294975
1764917984067,-2.896984,4.1299977,7.1969705,-1.423316,-0.28099802,0.21380283
1764917984122,-3.0933087,3.916914,7.2113357,-2.1783454,-0.3005457,0.23335053
1764917984173,-2.5594015,2.5139117,5.657499,-4.7610836,-0.79168135,0.71837753
1764917984238,-1.8291701,-3.5098996,7.0700774,-7.2143188,-1.4721853,0.64751714
1764917984291,-1.3335704,-8.300697,2.3750482,-8.35908,-1.6444492,0.45570546
1764917984350,1.0726024,-15.270219,3.679888,-7.2277575,-1.378112,-0.17348573
1764917984409,0.30885202,-9.440337,-1.436521,-5.6920424,-0.6218608,-1.0958922
1764917984472,2.4947581,-11.291056,-1.5107412,-0.77579886,0.3640757,-0.19181168
1764917984532,1.6136919,-12.322956,2.2505496,-0.48747048,1.1337659,0.38728857
1764917984590,2.621651,-11.997345,4.0821137,2.7684412,0.9773844,0.18448131
1764917984647,2.932897,-7.9008656,3.560178,3.0091221,1.3158038,0.43127087
1764917984725,0.09816227,-7.8745294,2.621651,-1.5943583,-0.33841935,0.25778514
1764917984778,-1.5921441,-8.714894,0.062249243,-3.3915238,-0.81122905,0.20158553
1764917984831,-2.4516625,-10.85531,1.6950948,1.7751744,-0.05009095,0.64996064
1764917984887,-2.15957,-10.278308,1.2378023,0.86376345,-0.41416663,0.56321776
1764917984947,-1.8914193,-10.31901,2.0326772,0.6792821,-0.32986724,0.3371976
1764917985013,-0.5722142,-9.437943,2.4229321,0.6817256,-0.39584067,0.24190263
1764917985073,-0.59615624,-8.42759,3.9743748,0.88453287,-0.41050145,0.3933972
1764917985131,-0.9792285,-10.398018,4.307169,0.9285152,-0.46303585,0.44226643
1764917985188,-1.2354081,-11.051635,3.8881836,1.0177015,-0.4361578,0.3408628
1764917985242,-0.4429273,-5.827487,6.38773,0.75136423,0.019547688,-0.009773844
1764917985299,-1.9512744,-5.8586116,3.490746,-0.73548174,0.31887165,0.56688297
1764917985355,-3.301604,-10.012551,2.5713725,-4.083023,0.036651913,1.3426818
1764917985431,-0.14604631,-14.12579,1.2425907,-1.1093313,-0.36041048,0.22602014
1764917985484,-1.661576,-10.484209,0.8379706,-0.05497787,-0.11728613,-0.75991637
1764917985538,-1.541866,-10.271125,0.08379706,0.5571091,-0.040317107,-0.5839872
1764917985593,-2.1045034,-9.591172,2.0614076,-0.49846604,-0.19425514,-0.79412484
1764917985650,-1.6687586,-5.485116,-1.1947067,0.09896017,0.2919936,-0.10873401
1764917985730,-2.4588451,-9.983821,1.2138603,-0.043982297,-0.0012217305,0.21991149
1764917985783,-1.5298948,-9.591172,1.2282255,0.09896017,-0.0012217305,0.18325958
1764917985837,-2.1092918,-9.842564,1.6280571,-0.008552114,0.10873401,0.22235495
1764917985892,-1.6567876,-10.771513,1.8866309,0.014660766,0.095294975,0.064751714
1764917985946,-1.5873557,-11.384429,2.2098482,0.05497787,0.002443461,-0.17348573
1764917986000,-1.0295067,-11.554418,2.2840683,0.3042109,-0.080634214,-0.5681047
1764917986057,0,-11.262324,2.5953147,0.4886922,-0.14172074,-0.79412484
1764917986108,-0.0047884034,-11.116279,2.5785553,0.57910025,-0.10262536,-0.8539896
1764917986160,0.18914193,-11.324574,2.3104045,0.5448918,0.009773844,-0.86254174
1764917986211,-0.11492168,-10.728417,1.8028339,0.70249504,0.10873401,-1.0580186
1764917986262,0.02873042,-9.931149,2.1547816,0.7049385,0.021991149,-1.1655309
1764917986316,-0.095768064,-8.817844,2.087744,0.71837753,0.02687807,-1.2571607
1764917986372,0.6655881,-8.090008,2.2649148,0.7501425,0.010995574,-1.2229522
1764917986426,1.3120226,-7.553706,2.633622,0.68416905,0.02321288,-1.0580186
1764917986479,1.7836803,-7.503428,3.2130187,0.6291912,0.056199603,-0.77824235
1764917986539,2.5187001,-6.981492,3.4763808,0.46792278,0.05009095,-0.59131753
1764917986594,2.408567,-6.5864487,3.2489316,0.41783184,0.064751714,-0.50946164
1764917986647,2.3175871,-6.4667387,3.727772,0.1160644,0.040317107,-0.25778514
1764917986760,1.8195933,-5.451597,2.7269957,-0.43004912,0.08552113,0.6743952
1764917986814,0.81402856,-5.1523223,2.719813,-0.8564331,-0.09040806,1.1960741
1764917986868,-1.1300632,-7.156269,1.8291701,-1.2754866,-0.3848451,2.1991148
1764917986924,-1.8842367,-11.858481,0.9983821,-1.8680259,0.061086524,2.1917844
1764917986979,-1.2449849,-13.661315,0.20111294,-1.6102408,0.3921755,1.3390167
1764917987036,0.59136784,-14.039598,0.23942018,-1.219287,0.43860126,0.6817256
1764917987092,1.3455414,-10.163386,1.982399,-1.3658947,0.37507126,0.13194689
1764917987150,-0.09816227,-8.451532,1.103727,-1.536937,0.40194935,0.344528
1764917987202,-1.2521675,-10.31901,0.107739076,-0.9431759,0.18203785,0.6389651
1764917987261,-0.7422025,-11.882423,-0.0023942017,-0.49235737,-0.05131268,0.61819565
1764917987315,-0.842759,-13.086706,-0.35434186,-0.21135938,-0.1160644,0.38240165
1764917987370,-0.5363012,-12.861651,-0.5530606,0.29077184,-0.18692477,-0.13805555
1764917987425,-0.7302315,-11.824963,-0.079008654,0.8002335,-0.14905111,-0.6658431
1764917987482,-0.2753332,-11.484985,1.2665327,1.3133603,-0.23701571,-0.8576548
1764917987539,-0.05267244,-12.265495,1.4221559,1.3866642,-0.3115413,-0.93951076
1764917987592,0.34715924,-12.555194,2.1380222,1.4330899,-0.2919936,-1.102001
1764917987645,0.91219085,-12.732365,1.4891934,1.3170254,-0.32742378,-1.2950343
1764917987708,1.2138603,-10.931925,2.4827871,1.5332718,-0.4166101,-1.455081
1764917987795,1.553837,-9.648633,3.0597897,1.7055358,-0.25289822,-1.3988814
1764917987846,1.7956513,-8.719683,2.554613,1.4611896,-0.24923302,-1.3695599
1764917987901,1.8148049,-7.419631,2.5019407,1.359786,-0.1282817,-1.2754866
1764917987960,2.6623523,-6.3470287,2.5809495,1.3414601,0.043982297,-1.1777482
1764917988014,2.8993783,-4.9296613,3.3997664,0.9896017,0.16615535,-0.90041536
1764917988068,3.3662477,-3.739743,4.3478703,0.75502944,0.16982053,-0.58276546
1764917988132,3.8714242,-3.2585084,5.073313,0.5021312,0.08552113,-0.24923302
1764917988184,3.7612908,-3.3542767,4.548983,0.043982297,0.035430185,0.07819075
1764917988242,3.394978,-3.1124623,4.209007,-0.32620203,0.11362094,0.32742378
1764917988296,2.372654,-2.384625,3.53863,-0.68416905,0.2761111,0.79290307
1764917988349,1.0654198,-3.2249897,2.8921957,-1.1227703,0.25045475,1.351234
1764917988406,-0.17238252,-5.947197,2.0087352,-1.7873917,0.05497787,1.9498819
1764917988460,-0.4261679,-9.16261,2.3774424,-2.1991148,0.40317106,2.162463
1764917988518,-0.17477672,-13.670892,3.122039,-1.9205604,0.79168135,1.8118263
1764917988591,0.5674258,-15.581465,2.870648,-1.6737708,0.47158796,0.9468411
1764917988646,1.352724,-12.823344,5.401319,-1.8985692,0.37751472,0.2443461
1764917988699,0.15562311,-10.266336,1.3551182,-0.6010914,0.5571091,0.36041048
1764917988752,0.5626374,-9.605537,2.4181437,-1.2730432,0.3115413,0.5815437
1764917988814,0.17956513,-11.403583,1.7764976,-1.1655309,0.1600467,0.7452556
1764917988867,0.12928689,-12.856863,1.0342951,-0.8698721,0.080634214,0.39095375
1764917988921,0.50278234,-14.121001,0.6512229,-0.59498274,-0.0036651916,0.052534413
1764917988979,0.8762778,-13.776237,0.9504981,0.267559,-0.12583824,-0.6267477
1764917989034,0.46686932,-12.452243,1.4772224,1.0213667,-0.2724459,-1.1325442
1764917989089,0.5722142,-12.497733,1.2306197,1.4123205,-0.33841935,-1.2803736
1764917989144,1.4077905,-11.96622,1.4389153,1.8142698,-0.33475417,-1.4501941
1764917989197,2.1523874,-11.087548,2.3678656,1.2425,-0.18570304,-1.5809193
1764917989257,2.5234885,-10.771513,1.9512744,0.535118,-0.04642576,-1.4440855
1764917989311,1.745373,-10.534488,1.5179238,1.2412782,0.07819075,-1.4379768
1764917989367,2.1499932,-8.767567,1.9608512,1.4391985,0.058643065,-1.505172
1764917989421,1.496376,-7.029376,2.480393,2.0769417,0.17715092,-1.3304645
1764917989473,2.7988217,-5.7269306,4.0677485,1.7849482,0.096516706,-1.1142182
1764917989533,3.2561142,-4.711789,3.751714,1.5393804,0.05131268,-0.86620694
1764917989628,4.0581717,-2.918532,4.1180267,0.61941737,-0.087964594,-0.47647488
1764917989680,4.3239284,-2.0446482,4.441244,0.3848451,-0.04153884,-0.22357668
1764917989735,4.1060557,-1.0031705,3.9025488,-0.03176499,0.12950343,0.24923302
1764917989793,2.4732103,-1.508347,3.560178,-0.75747293,0.029321533,1.0054842
1764917989849,2.0398598,-1.2737153,3.2561142,-1.0910053,-0.06841691,1.3573426
1764917989904,1.3670892,-4.642357,2.554613,-1.7519615,-0.047647487,2.2956316
1764917989960,-0.6943185,-8.350976,1.4891934,-2.0292943,-0.10262536,2.9138272
1764917990012,-2.4995465,-11.930307,-0.7445967,-2.4397957,-0.2932153,2.7256808
1764917990068,-2.7341783,-14.099454,1.3694834,-2.4410176,0.1966986,2.239432
1764917990123,-2.681506,-17.621325,1.1061212,-2.5448647,0.63163465,1.1667526
1764917990176,0.6847417,-15.698781,1.283292,-1.2486086,1.1496484,-0.30665436
1764917990234,5.813122,-4.9416323,2.042254,-1.1117748,0.10873401,0.4288274
1764917990286,1.271321,-6.9982514,0.36870706,-1.5063937,0.1563815,1.070236
1764917990343,1.6639702,-14.516045,-0.8331822,-0.86132,-0.057421334,1.0836749
1764917990396,1.9201498,-16.874334,0.11492168,0.05009095,-0.02565634,0.08307768
1764917990453,2.1523874,-16.448166,1.1013328,0.6035349,-0.013439035,-0.52290064
1764917990511,1.3024458,-14.020445,1.3934253,1.5125023,-0.20158553,-1.4074335
1764917990564,0.8571242,-13.606248,1.2808979,2.0109684,-0.09162979,-1.640784
1764917990637,1.5610195,-13.156138,1.769315,2.302962,0.05497787,-1.6798794
1764917990690,1.0366893,-11.5616,2.0015526,2.510656,0.07452556,-1.7959439
1764917990743,2.8874073,-11.528081,2.372654,1.5442673,-0.037873644,-1.6969837
1764917990795,2.6527755,-9.227253,3.6894648,1.9339994,0.029321533,-1.7275269
1764917990849,1.9057846,-8.674192,2.906561,2.204002,0.12217305,-1.4795157
1764917990906,1.6041151,-6.6989765,3.217807,2.1697934,0.09040806,-1.3903292
1764917990958,2.3056161,-4.3143516,4.295198,1.7825048,-0.15149458,-1.4135422
1764917991015,3.0214825,-2.7126305,4.0940847,1.6896533,-0.2003638,-1.1863003
1764917991069,3.7972038,-1.2952632,4.1419687,1.0396926,-0.24923302,-0.8185594
1764917991123,4.1180267,-0.23942018,4.546589,0.53878313,-0.043982297,-0.4361578
1764917991181,4.1611223,0.34237084,4.903325,0.14660765,0.1881465,-0.0036651916
1764917991236,4.2664676,0.5434838,4.855441,-0.15393804,0.21746802,0.3115413
1764917991290,2.858677,0.29688102,3.6990416,-0.61819565,0.34697145,0.73914695
1764917991343,1.8770541,-0.12689269,2.7126305,-1.4880677,0.02076942,1.1569787
1764917991400,-0.6344634,-2.3391352,2.3223755,-2.298075,0.095294975,1.9352211
1764917991453,-1.7501614,-5.911284,3.016694,-2.2540927,0.3481932,2.6022859
1764917991509,-2.8275523,-10.213664,2.1787236,-2.2809708,0.37751472,2.9749138
1764917991562,-3.9001546,-16.599,-1.9440918,-2.430022,0.12705997,2.0916026
1764917991642,1.7525556,-15.981297,1.7429788,-2.008525,0.111177474,0.6035349
1764917991696,7.086837,-16.599,8.389283,-2.1612413,-0.06719518,0.95294976
1764917991749,5.3366756,-9.9790325,4.55856,-1.9657644,0.535118,0.8735373
1764917991802,-0.16998832,-9.291897,2.6910827,-1.4379768,0.4202753,0.9016371
1764917991863,1.2952632,-13.148955,1.7022774,-0.54611355,-0.23945917,0.8210029
1764917991923,2.621651,-15.942989,2.1045034,0.28955013,-0.30176744,0.19181168
1764917991977,3.6870706,-16.486473,1.2497733,0.74281216,-0.26267207,-0.66828656
1764917992030,2.8275523,-13.927072,1.7812861,1.2119566,0.09407325,-1.6823229
1764917992084,1.2090719,-13.204022,3.086126,1.8533652,0.4202753,-1.9449949
1764917992143,1.5107412,-12.58153,3.6966474,2.0182989,0.3640757,-1.8606955
1764917992199,1.4101849,-11.719617,4.582502,2.194228,0.344528,-1.7617353
1764917992252,1.5825673,-10.702082,4.015076,2.420248,0.13683382,-1.6371188
1764917992308,1.5059528,-10.316615,3.4332852,2.1355848,-0.29077184,-1.4880677
1764917992363,1.115698,-8.377312,2.4420857,2.2785273,-0.3652974,-1.4208726
1764917992415,0.81402856,-6.14831,1.5179238,2.2638667,-0.02687807,-1.3109168
1764917992468,2.099715,-2.8754363,2.846706,1.998751,0.065973446,-1.1227703
1764917992525,3.5218706,-0.7038953,4.4675803,1.6029104,0.103847094,-0.9443977
1764917992582,4.2664676,0.91219085,4.9320555,1.0995574,0.030543262,-0.6927212
1764917992685,3.787627,1.3958195,3.4332852,-0.13927728,0.2773328,0.2846632
1764917992738,3.4524388,0.90979666,3.9791632,-0.689056,0.43371433,0.41538838
1764917992793,1.8531121,0.62488663,2.6671407,-1.2351695,0.3885103,0.8564331
1764917992847,0.7350199,-1.9009962,2.420538,-2.2101104,0.21746802,1.4807373
1764917992907,-0.50278234,-5.149928,2.5474305,-2.7537806,0.37995818,1.998751
1764917992964,-1.2066777,-8.944737,3.8977604,-2.9553661,0.31642818,2.3603833
1764917993018,-1.7836803,-14.180857,3.9193082,-3.6615262,-0.39095375,2.3188446
1764917993080,0.80445176,-19.484013,6.5696893,-3.2656856,0.41050145,1.91323
1764917993133,0.9600749,-16.354792,0.8810662,-1.6420058,0.48502702,0.766025
1764917993192,3.2034419,-12.124237,5.269638,-1.8790215,-0.012217305,0.4251622
1764917993250,0.93373865,-11.420342,2.3199813,-1.9779817,0.05497787,0.8173377
1764917993313,0.5602432,-11.674128,1.067814,-1.2669345,-0.1001819,0.9138544
1764917993370,1.5011644,-13.613431,-0.12210429,-0.04520403,-0.22113322,0.5925393
1764917993429,2.135628,-14.377181,0.521936,0.5119051,-0.10262536,-0.10995574
1764917993486,1.4437037,-13.948619,0.9983821,0.96761054,-0.112399206,-0.68539083
1764917993543,0.7086837,-12.557588,2.2122424,1.2974777,-0.09040806,-1.1081096
1764917993598,0.6536171,-12.437878,2.707842,1.9523253,-0.09407325,-1.2205088
1764917993689,0.82360536,-11.11149,3.6727054,1.8961257,-0.04886922,-1.3011429
1764917993741,1.0726024,-11.056423,3.8977604,1.2534955,-0.12950343,-1.2278391
1764917993793,1.271321,-10.199299,3.2704794,1.4294246,-0.0720821,-1.0213667
1764917993854,1.0462662,-9.866506,2.906561,1.6749926,-0.19425514,-0.81000733
1764917993915,0.90021986,-8.070854,3.3901896,1.6749926,-0.2846632,-0.9370673
1764917993971,1.1827357,-6.045359,2.7700913,1.6468927,-0.23457226,-1.2425
1764917994026,2.183512,-5.2504845,3.6511576,1.3316863,-0.036651913,-1.2131784
1764917994080,2.8179753,-3.7541082,4.3287168,1.0665708,0.111177474,-0.90285885
1764917994134,2.7581203,-2.231396,5.482722,0.87964594,0.07574729,-0.5009095
1764917994192,3.1651347,-2.2888567,4.783615,0.32620203,0.042760566,-0.25411993
1764917994245,3.1411927,-1.7669208,4.570531,-0.312763,0.105068825,0.039095376
1764917994302,2.2625206,-1.8004397,3.9959226,-0.7367035,0.3286455,0.52534413
1764917994355,1.0390835,-2.2409728,3.289633,-1.5271631,0.36774087,0.9370673
1764917994412,-0.08619126,-3.8115692,3.1411927,-1.9168952,0.39828414,1.2986995
1764917994465,0.11731588,-7.410054,3.490746,-2.438574,0.47403142,1.6505579
1764917994519,-1.6519991,-11.030087,2.6719291,-3.0885346,0.040317107,1.7519615
1764917994575,-1.2593501,-14.326903,1.5682021,-3.2045991,-0.1563815,1.609019
1764917994631,0.6703765,-17.24304,4.4843397,-2.5411994,0.26145032,0.9957104
1764917994723,3.0669725,-14.913483,1.8315643,-1.9388863,-0.13805555,-0.105068825
1764917994775,2.753332,-8.626308,1.7621324,-1.7592919,-0.3042109,0.13927728
1764917994827,1.163582,-7.7452426,-0.2681506,-1.102001,-0.09285152,0.6450737
1764917994883,2.1021092,-11.422736,-1.4987702,-0.816116,-0.25778514,0.95417154
1764917994938,2.0638018,-14.001291,-1.982399,-0.21135938,-0.02687807,0.5681047
1764917994999,1.9177556,-13.187263,-1.0989386,0.48991394,0.059864793,-0.12461651
1764917995056,1.5897499,-13.057976,-0.7541735,0.78801614,0.034208454,-0.5326745
1764917995110,0.82121116,-11.36767,-0.08619126,1.3487904,0.080634214,-0.8772025
1764917995164,0.6823475,-11.717223,1.0582372,1.8020525,0.14049901,-0.87964594
1764917995219,1.5945383,-12.018892,2.7964275,2.3958135,-0.21502456,-0.9578367
1764917995274,1.3862427,-12.193669,3.0789435,2.4019222,-0.6365216,-1.033584
1764917995328,1.9656396,-11.954249,4.927267,2.0500638,-0.79534656,-1.0726794
1764917995380,2.315193,-12.595895,2.8179753,1.4929546,-0.4813618,-1.2498302
1764917995436,2.1452048,-11.6669445,2.779668,1.346347,-0.22968534,-1.500285
1764917995494,1.3551182,-8.7292595,0.045489833,1.7189748,0.3640757,-1.491733
1764917995547,1.6017209,-5.1355624,2.815581,1.8655825,0.38362336,-1.4172074
1764917995600,1.6304513,-3.0238767,3.2944214,1.6334536,0.15393804,-1.0396926
1764917995652,2.207454,-2.420538,3.028665,1.2632693,0.07941248,-0.82344633
1764917995753,3.5290532,-0.8379706,4.675876,0.32620203,0.13316862,-0.24801129
1764917995805,3.3207579,-1.2880806,4.4484267,-0.26511553,0.15027285,0.24923302
1764917995860,2.3391352,-1.5155296,3.3375173,-0.752586,0.32253686,0.7305948
1764917995916,1.8219875,-2.3535004,3.289633,-1.3023647,0.31520647,0.97127575
1764917995969,-0.533907,-3.0023289,1.7405846,-1.6041322,0.27855456,1.4453071
1764917996026,-1.412579,-7.654263,1.1803415,-2.6230555,-0.12095132,2.0366247
1764917996080,-0.82121116,-14.2622595,0.6847417,-3.0848694,0.030543262,2.172237
1764917996133,-1.0989386,-16.558298,3.4141316,-2.6145031,0.7648033,1.7641789
1764917996187,2.0135236,-17.736246,5.734113,-1.7067575,0.5705481,0.9419542
1764917996245,2.4516625,-15.641319,3.98874,-0.22357668,-0.10751228,-0.09773844
1764917996306,3.4596214,-8.250419,3.1914709,-1.2339478,-0.44104472,0.15882497
1764917996362,1.2497733,-5.5856724,2.231396,-0.9285152,-0.0720821,0.5742133
1764917996417,1.9919758,-10.94629,1.2952632,-0.68294734,-0.002443461,0.8857546
1764917996473,3.157952,-14.640543,1.0390835,0.007330383,-0.16371189,0.28221974
1764917996527,3.3662477,-14.010868,2.6312277,0.8491027,0.019547688,-0.45081854
1764917996585,1.9440918,-13.06037,3.1364043,1.3206906,-0.004886922,-0.893085
1764917996645,0.7278373,-13.163321,4.2760444,1.8606955,-0.087964594,-0.9737192
1764917996702,0.36152446,-12.72997,3.5290532,1.6505579,-0.10629055,-1.001819
1764917996775,0.5602432,-12.753913,2.1930888,1.7837266,-0.15515977,-1.2168436
1764917996827,0.9816227,-10.338163,3.064578,1.7922786,-0.14172074,-1.2840388
1764917996885,1.1971009,-8.810662,1.9752164,1.7531832,-0.06963864,-1.2754866
1764917996943,2.0829554,-7.5920134,2.813187,1.5137241,-0.010995574,-1.3060299
1764917996997,1.8531121,-4.8578353,3.6535518,1.6493362,0.1001819,-1.1643091
1764917997050,2.765303,-2.7868507,3.8067808,1.382999,-0.02565634,-0.90408057
1764917997107,3.1435869,-2.2409728,4.795586,0.8344419,-0.07452556,-0.6230826
1764917997166,3.5218706,-1.7429788,4.7740383,0.41416663,-0.02443461,-0.24801129
1764917997224,3.4261026,-1.352724,5.0254292,0.018325957,0.04520403,-0.008552114
1764917997279,2.5139117,-0.81642276,4.5657425,-0.50823987,0.10751228,0.43127087
1764917997332,1.745373,-0.82121116,3.4691982,-1.328021,-0.0036651916,0.9285152
1764917997390,1.0366893,-3.8115692,3.526659,-1.5845845,0.12583824,1.6920967
1764917997447,0.011971008,-7.1610575,2.813187,-1.781283,0.12461651,2.0964894
1764917997501,-0.6727707,-9.715671,4.3478703,-1.2144,0.2724459,2.234545
1764917997554,-0.31124622,-13.400347,5.506664,-1.7324139,0.2846632,2.0280726
1764917997610,-0.32561144,-15.229517,2.7868507,-1.858252,-0.19792034,0.9297369
1764917997670,0.7110779,-13.977349,5.544971,-1.5760323,-0.1160644,-0.096516706
1764917997771,3.6128504,-8.3821,2.2864625,-1.7165314,0.040317107,0.058643065
1764917997828,1.7381904,-7.431602,2.3343468,-1.3048081,0.643852,0.8014552
1764917997881,0.6799533,-10.912771,1.352724,-1.0873401,0.2321288,0.7281514
1764917997935,2.3894134,-13.656527,1.7142484,-0.50335294,-0.037873644,0.54244834
1764917997992,2.6048915,-13.867216,1.7812861,0.38362336,-0.047647487,-0.030543262
1764917998052,1.8483237,-12.696451,1.7429788,1.2278391,-0.037873644,-0.5742133
1764917998112,1.7238252,-11.824963,2.5354595,1.563815,-0.05497787,-0.70738196
1764917998168,1.0941502,-11.978191,3.2465374,1.9034561,-0.10629055,-0.84665924
1764917998223,1.5586253,-12.174516,5.1259856,2.4373524,-0.05375614,-0.9443977
1764917998278,1.1252748,-11.480197,4.8219223,2.7782152,-0.23335053,-1.0946705
1764917998331,1.4030021,-10.01734,4.280833,1.3561208,-0.5155703,-1.3255776
1764917998387,1.2904748,-9.77792,4.0821137,-0.10629055,-0.5204572,-1.6505579
1764917998442,2.1787236,-8.135497,4.173094,0.8222246,-0.13683382,-1.7556267
1764917998494,2.645593,-4.525041,3.9097314,1.9865338,-0.015882496,-1.3634512
1764917998615,2.944868,-2.5210943,3.7900212,1.4953982,-0.15393804,-0.5900958
1764917998671,3.5122938,-1.2976574,4.5896845,0.8417723,-0.13683382,-0.48991394
1764917998722,3.7780502,-0.81402856,5.2002063,0.3323107,-0.111177474,-0.2602286
1764917998775,4.074931,-0.7589619,4.3167458,-0.21868975,0.13683382,0.12339478
1764917998828,3.58412,-1.2904748,4.3885717,-0.56077427,0.4251622,0.43982297
1764917998882,2.8993783,-1.4748282,4.1276035,-1.1032226,0.49235737,0.79290307
1764917998935,1.8818425,-2.3175871,4.7141833,-1.5027285,0.31764993,1.2498302
1764917998993,0.51714754,-5.559336,5.0062757,-1.817935,0.4813618,1.9315559
1764917999047,-0.16759412,-7.6015906,4.225766,-1.8985692,0.55955255,2.0305161
1764917999103,-1.1971009,-11.104307,2.6479871,-2.3701572,0.408058,1.7397442
1764917999159,-1.2545617,-14.077906,3.8307228,-2.5827382,-0.008552114,0.9114109
1764917999217,2.0566192,-16.002844,7.6829934,-0.8344419,0.19181168,0.46181414
1764917999279,4.4843397,-12.974179,3.8307228,-0.6059783,-0.10140363,0.18570304
1764917999337,3.2848446,-8.870518,1.934515,-1.582141,0.17348573,0.16493362
1764917999396,2.7724855,-9.425972,3.1747115,-1.4978416,0.13316862,0.593761
1764917999451,1.934515,-10.603919,2.4708161,-1.1447614,0.27000242,0.5839872
1764917999504,2.2816741,-12.272678,2.7102363,-0.49235737,0.16371189,0.30665436
1764917999556,2.2625206,-12.133814,2.954445,0.22602014,0.0012217305,-0.030543262
1764917999607,1.8124107,-12.476185,3.0669725,0.8576548,-0.12950343,-0.37507126
1764917999658,1.8171991,-12.887988,3.347094,1.4013249,-0.22357668,-0.6731735
1764917999708,1.7932571,-11.963826,3.8546648,1.7434094,-0.24923302,-0.88697636
1764917999759,2.0494366,-12.318168,3.9073372,1.3255776,-0.22602014,-1.0958922
1764917999810,1.8722657,-10.864887,4.402937,1.5625933,-0.111177474,-1.2205088
1764917999860,2.420538,-10.170568,4.3622355,0.50335294,-0.12095132,-1.2644911
1764917999912,2.1260512,-10.223241,3.4261026,0.3885103,-0.095294975,-1.4074335
1764917999964,3.1292217,-7.869741,4.2760444,-0.30176744,-0.05497787,-1.3231341
1764918000022,3.0119057,-7.8984714,1.8722657,0.98715824,0.064751714,-0.97494096
1764918000076,2.4612393,-6.5625067,3.5625722,2.1673498,0.23457226,-0.95172805
1764918000128,2.6839,-5.403713,4.534618,2.175902,0.032986723,-0.95539325
1764918000183,2.9831753,-4.855441,3.7708676,1.7983873,-0.04642576,-1.0115929
1764918000242,3.2441432,-1.8339585,4.0222588,1.1618657,0.02076942,-0.82344633
1764918000300,3.4117374,0.30166942,4.211401,0.36163223,0.032986723,-0.35796702
1764918000359,3.4213142,0.29209262,4.3239284,-0.16371189,-0.028099801,0.12583824
1764918000412,2.9113493,-0.58418524,3.8738184,-0.69027776,0.032986723,0.7965683
1764918000466,0.63206923,-1.7764976,3.3566709,-0.87109387,0.38240165,1.4648548
1764918000524,0.25378537,-4.560954,4.5058875,-1.4721853,0.41538838,1.8325957
1764918000627,0.24420857,-12.378023,4.4220905,-2.0977113,0.030543262,2.0341814
1764918000681,2.2361844,-15.21994,2.815581,-2.0977113,-0.089186326,1.3805555
1764918000734,2.3630772,-13.27106,3.0023289,-1.8081611,-0.18203785,0.73426
1764918000787,3.359065,-11.956643,4.560954,-0.7770206,0,0.11362094
1764918000845,4.4125137,-9.390059,3.7852328,-1.4343116,-0.008552114,0.3921755
1764918000902,1.6591818,-9.548077,2.0231004,-1.205848,0.20769419,0.49968776
1764918000955,2.0494366,-10.6637745,2.1332338,-0.9737192,0.15027285,0.7855727
1764918001012,2.4660277,-12.61026,2.3008277,-0.71959925,0.06841691,0.45570546
1764918001065,3.1268275,-13.941437,2.2864625,-0.1282817,0.07819075,-0.035430185
1764918001123,3.2082303,-13.263878,2.15957,0.2968805,0.036651913,-0.43249258
1764918001186,2.789245,-12.215217,2.8993783,1.2779301,-0.07819075,-0.8210029
1764918001244,2.707842,-12.538434,2.9472623,1.6957619,0.007330383,-0.8918633
1764918001298,2.4612393,-12.435484,3.5003228,1.7018706,0.02443461,-1.097114
1764918001352,2.717419,-12.064383,4.2066126,1.3182472,0.02443461,-1.3170254
1764918001407,2.0614076,-10.9103775,2.705448,1.5699236,0.008552114,-1.4135422
1764918001464,2.255338,-10.436325,3.3279405,1.7165314,-0.04642576,-1.423316
1764918001518,2.2577322,-8.669404,3.4931402,2.0182989,0.12950343,-1.9303342
1764918001574,2.3942018,-4.867412,4.015076,1.8973475,0.0842994,-1.8338175
1764918001644,2.7246015,-2.4660277,3.9217024,1.4465289,-0.17959438,-1.3109168
1764918001696,2.5929205,-1.8818425,3.5482068,0.66950834,-0.3115413,-1.110553
1764918001747,3.7588966,-0.9696517,3.7708676,0.36041048,-0.15027285,-0.70005155
1764918001799,4.606444,0.9696517,4.429273,0.23823744,-0.030543262,-0.3652974
1764918001853,3.3997664,0.8451532,3.9001546,-0.204029,0.13439035,0.57543504
1764918001907,2.1523874,-0.2753332,3.5649664,-1.0164797,0.15515977,1.2681563
1764918001963,1.3455414,-1.1707647,3.6128504,-1.2266175,0.0036651916,1.672549
1764918002018,1.0941502,-5.4420204,3.3734303,-2.1697934,-0.35063666,2.3054054
1764918002071,1.6280571,-10.232818,2.5689783,-2.3677137,-0.20280726,2.3677137
1764918002132,1.1372458,-12.5264635,2.8419175,-2.5277603,0.061086524,1.958434
1764918002189,3.6391866,-13.247118,1.5298948,-2.1050417,0.14294247,1.9755383
1764918002251,4.072537,-14.111424,-1.0175357,-1.3341297,-0.034208454,1.1753048
1764918002311,3.4213142,-10.726024,1.8004397,-0.87964594,0.017104227,0.9944886
1764918002363,2.5761611,-10.548853,3.2968156,-1.2144,0.21502456,0.9981538
1764918002418,0.61770403,-10.828975,1.412579,-1.6371188,-0.14049901,0.86620694
1764918002476,1.3814543,-12.176909,1.2473791,-0.8063421,-0.095294975,0.7611381
1764918002532,1.946486,-14.800955,0.39983168,-0.119729586,-0.12705997,0.33475417
1764918002585,2.1739352,-14.504074,0.6584055,0.3567453,-0.08674286,-0.17959438
1764918002675,0.82360536,-13.096283,1.5370775,1.5613716,0.0061086523,-1.0995574
1764918002730,1.3670892,-12.591106,2.6623523,2.1099286,-0.095294975,-1.3255776
1764918002783,1.4197617,-12.873623,3.3518825,1.9706513,-0.17837265,-1.459968
1764918002835,1.3311762,-12.361263,4.4340615,1.8289305,-0.12950343,-1.5381587
1764918002894,1.5514427,-12.2798605,2.6360161,1.8912388,-0.5204572,-1.8191566
1764918002955,2.8491,-8.640674,2.183512,1.8741345,-0.6169739,-2.2247713
1764918003013,3.8881836,-7.7691846,2.5067291,0.73426,-0.33964106,-1.754405
1764918003068,2.882619,-4.43885,3.5984852,2.2638667,0.05009095,-1.5283848
1764918003123,3.490746,-3.3327289,2.2361844,1.9828686,0.017104227,-1.1007792
1764918003176,2.9879637,-2.3463178,2.8083985,1.4257594,0.12217305,-0.84665924
1764918003228,3.1172507,-0.4237737,3.0071173,1.0091494,0.17592919,-0.77457714
1764918003283,3.8786068,0.9816227,4.2904096,0.030543262,-0.18448131,-0.45448375
1764918003336,3.8474822,1.661576,3.7565024,-0.30543262,-0.043982297,0.28344148
1764918003393,3.6248214,0.39743748,3.8833952,-0.816116,0.11484267,0.8344419
1764918003447,2.0159178,-1.2138603,3.6272156,-1.2119566,0.21991149,1.5173893
1764918003501,1.520318,-3.9025488,4.3646297,-1.7128662,-0.018325957,2.162463
1764918003557,1.1420342,-8.947132,3.881001,-2.1135938,-0.13194689,2.3848178
1764918003622,1.9009962,-12.299014,2.56419,-2.1661282,0.017104227,2.1991148
1764918003674,1.9536686,-13.570335,2.5929205,-1.772731,0.19181168,1.6224581
1764918003726,3.9121256,-15.660473,1.5155296,-2.0683897,-0.007330383,1.2119566
1764918003777,3.8833952,-11.149797,1.6424223,-1.4355333,0.029321533,0.3848451
1764918003828,3.217807,-11.264719,3.2130187,-1.4966198,0.24923302,0.41538838
1764918003884,4.1419687,-9.239224,1.13964,-1.7336355,0.3481932,0.7831292
1764918003939,2.2936451,-9.923966,1.4149733,-1.7886134,0.3323107,0.95539325
1764918003994,1.9512744,-11.769896,1.2689269,-0.9993755,0.15149458,0.7892379
1764918004054,3.0238767,-13.520057,0.90261406,-0.25045475,0.08307768,0.29810223
1764918004109,3.0214825,-13.314156,0.92655605,0.7440339,-0.05375614,-0.3640757
1764918004164,2.6791117,-13.103466,1.2449849,1.5528195,0.1001819,-0.9138544
1764918004223,2.741361,-12.469003,2.1883004,2.067168,0.18081611,-1.1887437
1764918004284,2.3343468,-12.13142,2.552219,2.057394,0.37873647,-1.382999
1764918004339,2.8203697,-11.358093,3.4404678,1.5870279,0.39095375,-1.3756685
1764918004394,2.3223755,-10.79785,2.4181437,1.3353515,0.22357668,-1.4990633
1764918004450,2.7461493,-9.485827,2.6839,1.7971655,0.034208454,-1.6701056
1764918004506,2.9640217,-7.0940194,2.7461493,2.1685717,-0.12583824,-1.53205
1764918004566,3.9025488,-4.474763,5.121197,2.6230555,-0.5742133,-1.1227703
1764918004623,3.9624038,-3.2130187,3.6655228,2.6682594,-0.784351,-0.8051204
1764918004712,3.9791632,-1.2378023,3.052607,1.1313224,-0.50823987,-0.3640757
1764918004763,3.0214825,-0.4429273,2.4109612,0.4361578,-0.08674286,-0.07696902
1764918004820,3.1196449,0.021547815,1.7262194,-0.17104226,0.6059783,0.41905355
1764918004873,2.9281087,0.20590134,2.0278888,-0.9236283,0.7281514,0.8210029
1764918004927,1.9512744,-2.4971523,3.4883518,-1.7763962,0.7281514,1.4953982
1764918004984,0.61770403,-6.5960255,4.3263226,-2.3408356,0.6230826,2.0732768
1764918005040,1.1372458,-9.622296,5.092467,-2.3835962,0.6047566,2.1001546
1764918005094,1.8818425,-13.215993,4.9224787,-2.4495697,0.5546656,1.7458528
1764918005147,2.1906946,-12.703634,6.3206925,-1.7348573,0.6536258,1.0714576
1764918005207,2.4732103,-10.790668,6.706159,-2.0378466,0.25900686,0.86132
1764918005268,3.4715924,-9.481039,2.9951463,-1.4587462,0.344528,1.0726794
1764918005323,1.1348516,-11.195287,1.8052281,-1.7800614,0.24556783,1.0311406
1764918005383,0.59136784,-11.317391,1.3479356,-0.9761627,0.0842994,0.86132
1764918005438,2.861071,-13.429077,2.195483,-0.42394048,0.043982297,0.4642576
1764918005495,2.3798366,-14.140155,2.3654714,-0.037873644,-0.0720821,-0.13194689
1764918005550,1.9153614,-12.876017,3.1507695,1.0238101,-0.204029,-0.6951646
1764918005611,1.6400281,-13.905523,4.2185836,2.276084,-0.29810223,-1.0726794
1764918005665,1.8722657,-13.156138,4.0054994,1.8973475,-0.50335294,-1.3610078
1764918005724,2.195483,-11.259931,3.9432502,1.8362609,-0.3848451,-1.6151277
1764918005776,2.5570073,-10.620679,4.7979803,1.3952162,-0.4092797,-1.609019
1764918005829,2.4779987,-9.923966,4.6016555,2.0097466,-0.77579886,-1.7140878
1764918005888,2.7748797,-8.078036,3.8402996,2.4691174,-0.79412484,-1.6371188
1764918005944,2.9496565,-7.2783732,3.4237084,1.7238617,-0.59498274,-1.5809193
1764918005998,3.323152,-4.235343,3.5865142,1.858252,-0.21502456,-1.8106046
1764918006051,3.0669725,-0.38067806,4.417302,1.4660766,-0.39828414,-1.4257594
1764918006110,3.6296098,0.20111294,2.9712043,0.68661255,-0.32620203,-0.9419542
1764918006170,3.3686419,2.327164,2.9281087,0.095294975,0.111177474,-0.27000242
1764918006229,4.110844,1.4676456,3.4332852,-0.3811799,0.42149702,0.40561453
1764918006284,3.8618474,0.4189853,3.6391866,-0.77946407,0.56199604,0.94806284
1764918006338,2.6623523,-1.9249382,3.1627405,-1.1606439,0.6963864,1.428203
1764918006392,2.645593,-3.6774938,5.4061074,-1.6994271,0.8222246,1.9914207
1764918006447,1.4437037,-4.9775453,3.9097314,-2.0463986,0.7098254,2.4569001
1764918006502,-1.1013328,-10.2735195,4.321534,-1.9804251,1.0641272,2.588847
1764918006555,-0.3878607,-15.08347,5.231331,-2.5705209,0.8038987,1.8154916
1764918006614,1.352724,-14.561535,5.9400144,-2.2675319,0.10140363,0.7244862
1764918006669,2.7389667,-12.08593,3.9624038,-1.8044959,-0.1600467,0.4654793
1764918006740,3.7660792,-10.292673,2.5450363,-1.8240436,0.17837265,0.35308012
1764918006792,2.96881,-10.299856,2.2816741,-1.0506883,0.52412236,0.6805039
1764918006848,1.7549498,-11.597513,2.3127987,-1.0775663,0.23090707,0.52534413
1764918006901,2.5306711,-13.314156,2.8179753,-0.21380283,0.21135938,0.24678956
1764918006981,2.348712,-13.146562,3.2489316,1.0885619,-0.09773844,-0.43127087
1764918007032,2.1571758,-13.017275,2.9999347,1.6847663,-0.27855456,-0.9211848
1764918007085,1.769315,-12.698846,3.1603463,1.894904,-0.26145032,-1.1863003
1764918007138,1.9776106,-11.925519,3.0262709,1.91323,-0.029321533,-1.4966198
1764918007191,1.6328455,-10.551247,2.7605145,0.7476991,0.35430184,-1.5699236
1764918007244,1.6352397,-9.902418,3.9695864,0.57787853,0.3811799,-1.5283848
1764918007297,3.0454245,-7.764396,4.024653,1.1496484,0.20647246,-1.3622295
1764918007355,2.777274,-7.017405,3.8402996,1.9352211,0.035430185,-1.2498302
1764918007414,2.7222073,-5.9902925,3.892972,2.3359487,-0.089186326,-1.17897
1764918007470,2.5378537,-4.285621,4.5178585,1.7592919,-0.31642818,-1.0519099
1764918007527,3.071761,-2.315193,3.0621839,1.3084733,-0.32253686,-0.88697636
1764918007582,3.6727054,-0.61052144,3.7684734,0.54367006,-0.105068825,-0.54244834
1764918007636,3.8522706,0.5267244,4.6950297,-0.112399206,0.064751714,0.16249016
1764918007692,3.6487634,-0.49081135,4.0797195,-0.39461896,0.15515977,0.6267477
1764918007767,1.9512744,-2.7461493,3.2321723,-0.675617,0.13439035,1.4672983
1764918007819,1.1994951,-4.355053,2.3798366,-1.4990633,0.04153884,2.085494
1764918007872,0.7733272,-6.787562,3.5434184,-1.6688838,0.06841691,2.3994787
1764918007927,-0.29688102,-11.097125,3.4141316,-2.2198844,0.2883284,2.411696
1764918007980,0.545878,-14.633361,6.7612257,-2.1881194,0.6291912,1.9181169
1764918008038,3.2848446,-16.474503,3.9552212,-1.6481144,-0.061086524,1.0482447
1764918008100,1.2617443,-13.409924,1.0989386,-1.9889772,0.22235495,-0.02565634
1764918008161,3.0909145,-7.524976,2.147599,-1.269378,0.5204572,0.24312437
1764918008220,1.2593501,-9.464279,2.7485435,-1.7128662,0.26633725,0.47769663
1764918008273,1.1587936,-13.48175,2.4133554,-0.9053023,0.1563815,0.48258355
1764918008324,2.2505496,-12.717999,2.7748797,-0.062308256,-0.04886922,0.21868975
1764918008377,1.6759412,-11.566388,2.8491,0.8918633,-0.344528,-0.1441642
1764918008428,1.4820108,-11.3964,3.5003228,1.3805555,-0.49602258,-0.07452556
1764918008483,1.1180922,-12.947843,3.5075054,1.3426818,-0.6536258,-0.09162979
1764918008537,0.79487497,-14.049175,2.7844565,1.0726794,-0.4447099,-0.675617
1764918008598,0.7781156,-12.938266,3.122039,1.4770721,-0.27855456,-1.5540411
1764918008651,1.1851299,-11.971008,2.6527755,1.5222762,-0.15760323,-1.9339994
1764918008703,1.508347,-9.876082,2.135628,1.1594223,-0.32986724,-2.144137
1764918008761,1.9081788,-7.117962,2.2984335,1.2119566,-0.04153884,-2.171015
1764918008813,2.7126305,-7.3885064,3.7948096,1.0616838,-0.2125811,-1.8826867
1764918008866,4.3766007,-4.7524905,4.355053,1.3988814,-0.02076942,-1.4844025
1764918008923,4.027047,-2.0087352,4.7524905,1.8044959,-0.02687807,-0.65118235
1764918008993,2.944868,-1.8387469,1.448492,1.1410962,-0.019547688,-0.052534413
1764918009046,2.4947581,-1.7669208,2.4133554,0.059864793,0.061086524,0.38606682
1764918009103,1.99437,-1.3551182,2.96881,-0.59498274,0.4972443,0.74036866
1764918009160,1.4867992,-2.7126305,3.98874,-1.1093313,0.6780604,1.097114
1764918009214,1.6998832,-5.2863975,4.197036,-1.613906,0.7318166,1.6395624
1764918009267,0.9744401,-8.176199,3.6056678,-2.2699752,0.4605924,2.0500638
1764918009325,-0.093373865,-12.224793,3.9552212,-2.4654522,0.49357912,1.9339994
1764918009383,-1.1061212,-12.945449,2.9376855,-2.0659463,0.5290093,1.4184291
1764918009435,0.9768343,-13.335704,2.954445,-1.8423696,0.3481932,0.7110472
1764918009488,2.255338,-11.482592,5.1547165,-0.7134906,0.09896017,0.77457714
1764918009543,2.0446482,-9.677363,2.4708161,-1.210735,0.32253686,0.7672467
1764918009604,1.4437037,-9.928755,2.3678656,-1.3634512,-0.087964594,0.7464773
1764918009664,0.20111294,-11.518504,1.7429788,-0.4007276,-0.07574729,0.8405506
1764918009716,-0.62249243,-13.153744,1.2306197,0.0842994,-0.1282817,0.46670106
1764918009768,-1.8938135,-13.582306,2.3702598,0.37140608,-0.0720821,0.14538592
1764918009823,-3.2154129,-16.280571,6.3781533,3.7336085,-0.5729916,-0.74281216
1764918009875,-0.7206547,-8.784326,4.9799395,13.905736,-1.0250319,-1.4501941
1764918009935,1.7070658,-3.394978,10.251971,8.172155,-1.3683381,-2.0867157
1764918009987,2.4732103,-1.9440918,7.074866,5.3878317,-1.0482447,-2.1905627
1764918010039,1.5011644,1.1180922,5.758055,3.980398,-0.5326745,-2.2101104
1764918010095,1.484405,2.3415294,4.280833,1.6346754,-0.32620203,-1.6688838
1764918010148,0.92176765,3.5458126,5.913678,0.35796702,0.042760566,-1.0128145
1764918010200,1.043872,4.2281604,7.4986396,-0.5119051,-0.089186326,-0.44226643
1764918010256,0.92176765,4.7979803,7.393295,0.26267207,0.080634214,-0.2724459
1764918010310,0.7398083,4.1252093,7.941567,0.12950343,0.009773844,0.02321288
1764918010363,0.7254431,4.3957543,7.979874,0.1563815,0.13805555,-0.017104227
1764918010421,0.8595184,4.661511,8.492233,0.15760323,0.17348573,-0.07086037
1764918010478,0.62728083,5.1523223,8.3868885,0.13072516,0.15515977,0.012217305
1764918010533,0.2633622,5.0661306,8.552089,-0.05375614,0.11728613,0.030543262
1764918010588,0.4189853,4.4843397,7.587225,-0.02443461,0.118507855,-0.02076942
1764918010677,0.46208093,4.6016555,8.470686,0.09773844,0.07086037,0.04886922
1764918010729,0.2873042,4.8817773,8.619126,0.080634214,0.058643065,0.014660766
1764918010783,0.2633622,4.9200845,8.446744,0.12095132,0.017104227,-0.02687807
1764918010839,0.20829555,5.1355624,8.195353,0.16737708,0.010995574,-0.004886922
1764918010894,0.2825158,4.8243165,8.104373,-0.010995574,-0.02076942,0.036651913
1764918010947,0.20590134,4.9536033,8.145074,0.039095376,0.036651913,0.021991149
1764918011002,0.22505496,4.8003745,8.324639,0.02321288,0.058643065,0.012217305
1764918011061,0.34476504,4.8506527,8.248025,0,0.043982297,-0.0036651916
1764918011115,0.23942018,5.023035,8.403648,0.014660766,0.028099801,-0.030543262
1764918011169,0.28491,5.209783,8.221688,0.12339478,0.052534413,-0.013439035
1764918011225,0.19632454,5.094861,8.274361,0.09040806,0.04520403,-0.028099801
1764918011284,0.11252748,5.106832,8.039729,0.13072516,0.04642576,-0.02076942
1764918011340,0.047884032,5.097255,8.025364,0.004886922,0.052534413,-0.014660766
1764918011396,-0.045489833,4.855441,7.955932,0.034208454,0.09896017,-0.039095376
1764918011452,0.035913024,5.142745,7.043741,-0.0842994,0.12950343,-0.009773844
1764918011505,0.39983168,4.9775453,6.0238113,-1.8704693,0.37384954,0.7464773
1764918011564,1.0319009,3.1627405,4.939238,-10.80865,0.015882496,1.8570304
1764918011621,-0.22505496,-7.2352777,-3.53863,-14.179404,-1.8509218,0.6731735
1764918011698,-0.34237084,-11.743559,0.8571242,-5.698151,-1.0934488,-0.40317106
1764918011751,4.51307,-7.819463,-1.3934253,-3.6077702,-1.459968,0.36285394
1764918011807,0.61770403,-22.45043,8.9519205,-2.5240953,-0.77457714,1.6859881
1764918011861,2.5210943,-20.817583,2.1523874,-2.2284365,-0.48380527,0.16126843
1764918011918,-1.9201498,-8.14268,-0.009576807,1.0519099,0.41416663,0.63041294
1764918011986,0.5602432,-9.720459,3.1172507,2.403144,-0.039095376,0.6963864
1764918012038,-0.16998832,-12.959814,3.86903,0.70738196,-0.6963864,0.6621779
1764918012090,-1.7549498,-14.98052,1.8291701,1.2742649,-0.593761,-0.080634214
1764918012149,-0.34955344,-12.840104,2.741361,1.4660766,-0.32742378,-0.9370673
1764918012204,-0.01436521,-11.951855,2.4732103,1.2339478,-0.27366763,-1.2547172
1764918012260,0.15562311,-10.278308,3.787627,0.84788096,-0.16737708,-1.4844025
1764918012314,1.13964,-11.274296,2.6767175,0.21868975,-0.043982297,-1.3671165
1764918012372,1.6496049,-9.785102,2.669535,1.7189748,0.17715092,-1.6505579
1764918012429,1.7525556,-9.387665,4.879383,2.0647244,0.081855945,-1.5882497
1764918012480,1.0773908,-7.565677,4.582502,2.0341814,-0.06352998,-1.7067575
1764918012534,2.1332338,-5.530606,4.9943047,1.7446312,-0.23579398,-1.6041322
1764918012592,2.789245,-3.8881836,5.1762643,1.3732251,-0.267559,-1.3475688
1764918012651,3.4835634,-2.1906946,5.3103395,1.1215485,-0.22479841,-1.0848967
1764918012732,4.220978,-1.0007763,5.0254292,0.6621779,-0.1881465,-0.6462954
1764918012787,4.261679,-0.7134721,4.8985367,0.34330627,-0.05375614,-0.39706242
1764918012839,4.3023806,0.093373865,4.8386817,-0.05009095,0.105068825,0.018325957
1764918012902,3.9456444,0.1340753,4.0078936,-0.41416663,0.27122417,0.47769663
1764918012988,1.3623008,1.3814543,-0.60812724,-2.0659463,-0.5656612,1.6872098
1764918013039,-4.378995,-1.2354081,0.4237737,-2.0622811,0.08674286,3.0274482
1764918013091,-6.7684083,-8.702923,1.8339585,-3.4574974,0.39828414,3.5198054
1764918013147,-7.807492,-14.537593,1.043872,-3.3964107,0.3323107,4.019493
1764918013199,-5.1930237,-23.934834,-0.32561144,-4.346917,-0.13072516,3.2033772
1764918013251,3.3207579,-22.045809,9.097966,-0.71593404,0,1.4636332
1764918013304,3.2225955,-17.927782,3.1004913,-0.039095376,1.0592403,1.1496484
1764918013355,0.9672575,-12.064383,4.261679,-0.6462954,0.059864793,0.41416663
1764918013409,1.1444284,-13.127408,4.110844,0.1160644,0.013439035,0.51068336
1764918013462,1.7262194,-17.384298,3.2034419,0.7305948,-0.4642576,-0.10262536
1764918013519,-0.30406362,-17.458519,3.2513258,1.4929546,-0.35918877,-1.6468927
1764918013580,-0.8499416,-14.123396,3.7014358,1.8252654,-0.36774087,-2.6340508
1764918013636,-0.7326257,-12.29662,3.679888,2.1600194,-0.30787608,-2.819754
1764918013690,0.7206547,-10.022128,3.9193082,1.8777997,-0.112399206,-2.5802948
1764918013746,1.4030021,-8.973468,4.4101195,1.7922786,0.096516706,-2.1025982
1764918013799,1.2856863,-8.552089,3.7828386,1.582141,0.010995574,-1.6859881
1764918013855,1.3311762,-7.1945763,3.7493198,1.740966,0.035430185,-1.4953982
1764918013908,1.5729905,-6.007052,3.6966474,1.3878858,-0.15515977,-1.378112
1764918013973,2.5378537,-2.9616275,3.9624038,1.4135422,-0.059864793,-1.2522738
1764918014025,3.1052797,-1.42455,4.110844,1.1410962,0.028099801,-0.9615019
1764918014078,3.691859,-0.35434186,4.867412,0.63407815,0.1441642,-0.47647488
1764918014131,3.775656,0.074220255,4.402937,0.4007276,0.118507855,-0.19792034
1764918014186,3.58412,0.045489833,4.9823337,-0.21502456,0.17959438,0.21502456
1764918014239,3.4021606,0.1388637,4.9344497,-0.6072,0.31520647,0.6010914
1764918014295,2.4947581,-0.035913024,3.6870706,-1.0250319,0.18448131,0.91751957
1764918014349,0.62728083,-0.7493851,2.9783869,-1.5613716,-0.17837265,1.7140878
1764918014403,-1.6376339,-4.3981485,2.1571758,-2.6621506,-0.34330627,2.588847
1764918014460,-4.96318,-10.759542,0.019153614,-2.8112018,0.096516706,3.2888985
1764918014517,-5.1690817,-18.454506,0.91937345,-3.0091221,0.312763,2.4630086
1764918014569,-0.36391866,-21.480778,1.2761095,-2.9028316,0.06352998,1.5149459
1764918014622,5.544971,-18.301277,2.4756045,-1.717753,0.312763,0.3567453
1764918014683,5.197812,-8.085219,0.7110779,-2.5130997,0.65240407,1.1007792
1764918014761,1.2258313,-10.9582615,-0.06703765,-1.5454891,0.07574729,0.87964594
1764918014815,2.6767175,-15.792154,-0.5315128,-0.829555,0.07452556,0.7684685
1764918014868,2.6048915,-16.582241,0.15083471,0.24678956,0.12217305,-0.12095132
1764918014930,0.94092125,-13.402741,1.1947067,1.2742649,-0.08552113,-1.0934488
1764918014981,0.842759,-13.077129,2.0326772,2.1209242,-0.27000242,-1.2290609
1764918015033,-0.019153614,-13.642161,1.7310078,2.257758,-0.21991149,-1.351234
1764918015086,0.05746084,-12.531252,3.2202013,2.2675319,-0.05131268,-1.4391985
1764918015140,1.2114661,-12.571953,1.8794483,1.6652187,-0.13316862,-1.505172
1764918015193,0.80205756,-11.295844,1.7501614,1.6627752,-0.15027285,-1.6872098
1764918015246,2.4301147,-10.737994,1.1731589,1.3170254,-0.04886922,-1.78617
1764918015304,0.56982,-7.3166804,2.1763294,2.888171,0.3567453,-1.6811012
1764918015361,1.9416976,-5.7125654,2.9352913,2.6743681,0.20769419,-1.4856243
1764918015420,2.480393,-3.6607344,3.4883518,1.958434,0.080634214,-1.1667526
1764918015474,3.383007,-1.4891934,4.3981485,1.2705997,0.02565634,-0.79779
1764918015526,3.502717,-0.9624691,4.453215,0.7464773,0.0720821,-0.40561453
1764918015581,3.4572272,-0.20111294,4.6782703,0.18936823,0.15271631,0.081855945
1764918015633,3.2992098,-0.4141969,4.5058875,-0.18570304,0.14172074,0.42760566
1764918015686,2.777274,-0.9840169,4.156334,-0.8491027,0.3494149,0.80756384
1764918015744,1.2473791,-1.3814543,3.6056678,-1.251052,0.49846604,1.0873401
1764918015805,-0.08140286,-5.032612,3.4763808,-2.39337,0.50823987,1.8851302
1764918015863,-0.92655605,-9.636662,2.755726,-3.0250046,0.25045475,2.2467623
1764918015916,-1.9321208,-12.413936,2.4277205,-3.1337388,0.018325957,2.0842721
1764918015999,-1.0247183,-15.643714,3.8857894,-2.950479,-0.35308012,0.9822713
1764918016051,3.3087866,-18.229452,2.8179753,-2.5692992,-1.282817,-0.4007276
1764918016107,5.0541596,-7.4483614,1.970428,-1.7935003,-0.33108896,0.83077675
1764918016168,0.7422025,-9.639056,1.316811,-0.9981538,0.32986724,1.6444492
1764918016222,1.5251064,-13.175292,1.5298948,-0.8051204,0.05497787,1.4257594
1764918016276,2.336741,-15.885529,1.1659763,0.2284636,-0.20158553,0.54244834
1764918016332,2.4971523,-13.962984,1.0486604,1.0445796,-0.35308012,-0.53023106
1764918016386,1.910573,-13.472173,1.1899183,1.7104226,-0.33475417,-1.2131784
1764918016440,1.9800048,-12.74673,2.6408045,2.1148155,-0.11728613,-1.4208726
1764918016499,1.745373,-13.168109,3.8019924,2.048842,-0.062308256,-1.5625933
1764918016553,1.3263878,-12.078748,5.353435,1.7421877,0.111177474,-1.5625933
1764918016626,1.3551182,-10.536881,4.027047,1.5100589,-0.06963864,-1.754405
1764918016678,1.6136919,-10.196905,2.4612393,1.6468927,-0.23579398,-1.7776178
1764918016731,1.115698,-8.180987,3.5889084,2.1270328,-0.06963864,-1.6847663
1764918016786,1.769315,-6.2009826,2.7605145,2.1917844,-0.021991149,-1.5577064
1764918016839,2.8443117,-3.620033,3.7828386,1.9804251,0.02076942,-1.3072516
1764918016891,2.8275523,-1.5275006,4.0677485,1.382999,-0.03176499,-0.9126327
1764918016946,3.098097,-0.6631939,4.5633483,1.028697,-0.008552114,-0.6560693
1764918017001,3.5362358,0.51714754,4.2904096,0.3848451,0.04153884,-0.23335053
1764918017053,3.7565024,1.5945383,4.3766007,0.0061086523,0.2687807,0.3323107
1764918017114,1.9488802,2.0901382,2.5689783,-0.46181414,0.5742133,1.2009611
1764918017170,0.39743748,-1.6328455,2.183512,-1.568702,0.5534439,1.9083431
1764918017223,-0.92895025,-4.024653,2.1260512,-2.0610592,0.68294734,2.26631
1764918017276,-3.1627405,-9.579201,3.4500446,-2.9956832,1.0531317,2.5595255
1764918017332,-1.7549498,-15.842433,4.936844,-3.3805282,1.2082914,2.3286183
1764918017385,-0.6967127,-17.913418,7.041347,-2.7769935,1.2705997,1.3842206
1764918017441,1.30484,-17.700333,6.8162923,-1.5503759,0.34574974,-0.40561453
1764918017494,3.6224272,-8.288726,3.572149,-2.764776,-0.57910025,-0.6805039
1764918017554,2.4277205,-5.8226986,3.1962593,-2.5130997,0.08307768,0.657291
1764918017612,2.8993783,-10.33098,-0.19153613,-1.46852,-0.13439035,1.237613
1764918017665,2.4540567,-15.037981,-0.2825158,-0.9810496,0.02443461,0.84665924
1764918017719,2.3750482,-14.927848,0.10295067,0.021991149,0.10140363,0.04886922
1764918017775,1.7836803,-12.94066,1.6543933,1.0836749,-0.10873401,-0.6988298
1764918017834,1.3958195,-12.069171,1.9153614,2.0598376,-0.2846632,-0.9114109
1764918017891,1.7381904,-11.844116,2.693477,2.538756,-0.24556783,-0.8454375
1764918017944,2.195483,-13.532028,3.4021606,2.1991148,-0.24312437,-1.0140363
1764918017998,1.2378023,-11.686098,4.1635165,1.9547688,-0.2761111,-1.2131784
1764918018052,2.1428106,-12.46182,4.450821,1.1765264,-0.35063666,-1.2962561
1764918018105,1.7477672,-10.323798,3.1028855,1.7763962,-0.3115413,-1.5577064
1764918018160,2.195483,-8.920795,2.9616275,1.8399261,-0.23945917,-1.645671
1764918018220,1.6065093,-6.0716953,2.3702598,1.9046779,-0.08307768,-1.423316
1764918018276,2.4827871,-4.7141833,3.4500446,1.613906,-0.0720821,-1.1313224
1764918018336,2.56419,-2.0805612,3.7588966,1.2327261,0.02687807,-0.7415904
1764918018389,2.9257145,-1.3479356,3.7900212,0.79901177,0.06719518,-0.48502702
1764918018444,2.930503,-0.31364042,3.9671922,0.1881465,0.2125811,-0.052534413
1764918018498,2.9759927,-0.6799533,4.343082,-0.50335294,0.34208453,0.40439278
1764918018554,2.765303,-1.2114661,4.4436383,-0.82711154,0.41905355,0.7623598
1764918018607,1.9895816,-2.954445,4.572925,-1.3561208,0.4972443,1.1728612
1764918018673,1.0749966,-6.540959,4.951209,-1.9755383,0.31398472,1.672549
1764918018726,-0.22026655,-8.652645,3.9719806,-2.1587977,0.2846632,1.7153096
1764918018784,-0.92895025,-13.560759,3.928885,-2.2308798,0.43493605,1.1374311
1764918018838,2.3630772,-13.742718,5.9400144,-1.6102408,0.2761111,0.24923302
1764918018892,2.2864625,-12.74673,5.7029886,-1.1484267,0.07086037,-0.1441642
1764918019002,3.655946,-10.278308,3.122039,-2.9407053,0.07819075,0.65118235
1764918019058,1.0821792,-9.854534,0.7565677,-1.6542231,0.26389378,0.88453287
1764918019110,2.3319526,-10.618284,1.3455414,-0.90408057,-0.062308256,0.9957104
1764918019164,2.669535,-13.754689,1.067814,-0.05131268,-0.1282817,0.643852
1764918019219,3.4620156,-13.103466,1.3263878,0.86009824,-0.07086037,0.029321533
1764918019272,2.4061728,-13.144167,1.7166426,1.2095132,-0.09285152,-0.42271876
1764918019327,2.7868507,-11.049241,2.3415294,1.8289305,-0.10629055,-0.58276546
1764918019391,1.8770541,-11.063606,4.050989,2.1038198,-0.2003638,-0.5705481
1764918019444,1.0726024,-12.658144,4.4556093,1.9083431,-0.36163223,-0.73548174
1764918019501,1.5777789,-12.119449,4.345476,1.2486086,-0.48624873,-1.0372492
1764918019556,1.6280571,-11.71004,3.58412,1.736079,-0.48624873,-1.3573426
1764918019612,1.70946,-9.801862,4.220978,1.9278907,-0.47769663,-1.6358972
1764918019672,1.4580688,-7.419631,4.0318356,2.0134118,-0.3555236,-1.5919148
1764918019736,2.5833437,-4.735731,3.7421372,1.8533652,-0.31031954,-1.3304645
1764918019790,2.4229321,-3.3135753,4.084508,1.4062119,-0.23457226,-0.9932669
1764918019843,2.822764,-1.4939818,3.8833952,0.9285152,-0.105068825,-0.69027776
1764918019904,3.2728736,0.24181437,4.2066126,0.33475417,0.09773844,-0.24923302
1764918019959,3.3973722,0.4237737,4.225766,-0.1001819,0.14905111,0.16493362
1764918020018,3.1531637,-0.56982,3.9743748,-0.6377433,0.36163223,0.766025
1764918020072,1.9919758,-1.5442601,3.8235402,-1.378112,0.40439278,1.4159856
1764918020125,0.11252748,-5.0421886,4.2784386,-2.3017402,0.44593164,2.0011945
1764918020183,-0.92416185,-8.772355,4.292804,-2.8026497,0.36651915,2.3603833
1764918020237,-1.6879122,-13.29979,3.0023289,-2.987131,-0.009773844,1.65911
1764918020292,0.79966336,-15.416265,3.5170822,-2.4727826,-0.14294247,0.59131753
1764918020345,2.731784,-11.6669445,1.4413095,-1.7617353,-0.2932153,0.05497787
1764918020403,4.2066126,-15.71554,4.381389,-0.31764993,-0.75747293,0.24678956
1764918020456,5.74369,-6.054936,3.5290532,-1.563815,-0.6426302,0.8356637
1764918020510,0.12449849,-9.895236,2.4588451,-1.0946705,0.14905111,1.3035865
1764918020567,3.4332852,-13.730747,3.2202013,-0.39950588,-0.204029,1.2779301
1764918020623,3.7660792,-15.789761,1.3958195,0.06963864,-0.12583824,0.65240407
1764918020696,3.095703,-12.804191,1.9153614,0.7648033,-0.10873401,-0.6988298
1764918020747,2.4516625,-10.309433,2.0805612,1.5015068,0.04886922,-1.0824533
1764918020799,2.8107927,-10.532093,3.1531637,1.6578883,0.07452556,-1.0225884
1764918020849,2.3535004,-10.876859,4.8817773,1.5858061,0.08674286,-1.0958922
1764918020904,1.8267759,-11.042058,5.2863975,0.86498517,0.02076942,-1.219287
1764918020957,1.733402,-10.156203,5.291186,0.2773328,0.010995574,-1.2950343
1764918021014,1.5035586,-10.268731,4.24492,0.69027776,-0.05009095,-1.4831808
1764918021069,1.6639702,-8.346188,3.691859,1.5027285,-0.057421334,-1.5234979
1764918021125,1.3120226,-6.979098,3.2034419,1.6798794,-0.062308256,-1.5222762
1764918021179,2.2170308,-4.8267107,3.857059,1.3988814,-0.029321533,-1.1472049
1764918021232,2.4827871,-3.857059,3.916914,0.8014552,-0.012217305,-0.7293731
1764918021289,3.1052797,-2.693477,4.2880154,0.4813618,0.13316862,-0.34208453
1764918021347,3.4165258,-2.2888567,4.3981485,0.2003638,0.15515977,0.0061086523
1764918021400,3.2130187,-2.822764,4.4580035,-0.2919936,0.2003638,0.5009095
1764918021454,2.456451,-3.4883518,4.43885,-0.59498274,0.376293,1.0580186
1764918021509,2.1092918,-5.0900726,4.7548847,-1.0848967,0.35185838,1.5809193
1764918021572,0.7493851,-7.28795,4.378995,-1.2938126,0.35430184,1.8497
1764918021624,0.055066638,-10.388441,4.249708,-1.5332718,0.45570546,1.5234979
1764918021678,0.9911995,-11.32218,4.0414124,-1.7886134,0.5021312,1.1496484
1764918021729,1.4915876,-13.249513,5.291186,-1.1410962,0.4251622,0.49602258
1764918021781,2.3750482,-12.167333,4.4460325,-1.4453071,0.21868975,0.17348573
1764918021833,3.5410242,-7.773973,2.777274,-1.5247196,-0.0012217305,0.625526
1764918021891,1.4030021,-8.3390045,2.765303,-1.097114,0.10873401,0.9456194
1764918021945,1.6879122,-10.225636,2.8802247,-1.2669345,0.19058995,0.9370673
1764918022004,1.7238252,-12.876017,2.8203697,-0.548557,0.16982053,0.63163465
1764918022057,1.5059528,-13.251906,3.0813377,0.14660765,0.10629055,0.17715092
1764918022108,1.2162545,-12.289437,3.323152,1.0641272,-0.12950343,-0.24190263
1764918022159,0.80684596,-11.192893,3.2680852,1.5515977,-0.22479841,-0.44348818
1764918022211,0.7589619,-10.984597,4.027047,1.9511036,-0.25045475,-0.56321776
1764918022265,1.0366893,-10.383653,5.3079453,1.8704693,-0.27488935,-0.7098254
1764918022319,1.6280571,-11.319786,5.195418,1.3255776,-0.32742378,-1.0054842
1764918022372,1.8243817,-11.523293,5.1571107,0.32498032,-0.41172317,-1.2681563
1764918022425,1.3120226,-10.290278,5.592855,0.12217305,-0.23823744,-1.4086553
1764918022477,2.0614076,-11.286267,3.466804,-0.015882496,-0.16982053,-1.4440855
1764918022534,2.4372973,-9.49301,5.7029886,0.8222246,-0.22479841,-1.3390167
1764918022587,2.858677,-9.188946,5.1571107,1.8912388,-0.3933972,-1.2571607
1764918022642,1.6160861,-6.5984197,3.4237084,2.4141395,-0.30298916,-1.1985176
1764918022722,2.243367,-2.372654,2.4301147,1.4404203,-0.17837265,-0.9944886
1764918022775,3.1842883,-0.21068975,3.4117374,0.7330383,-0.010995574,-0.6291912
1764918022831,3.6343982,0.25139117,3.7732618,0.312763,0.16493362,-0.21991149
1764918022883,3.775656,0.36631286,3.8139634,-0.29443705,0.2724459,0.40683624
1764918022937,2.753332,-0.16280572,3.3542767,-0.816116,0.5375614,1.0348058
1764918022993,1.1683705,-0.48123455,2.669535,-1.2180653,0.50335294,1.5259414
1764918023049,-1.4580688,-1.8794483,0.7326257,-2.194228,0.18325958,2.085494
1764918023102,-4.5920787,-7.608773,1.6017209,-2.5179865,0.71593404,2.7183504
1764918023154,-6.069301,-13.84088,-0.06703765,-3.2192597,0.58032197,2.6364944
1764918023206,-5.1020436,-18.073828,0.18195933,-3.7421606,0.19303341,2.0109684
1764918023256,0.8595184,-21.564575,3.9695864,-1.9523253,-0.16371189,0.9272934
1764918023308,6.6750345,-16.910246,4.3957543,-1.3610078,-0.10140363,0.7012733
1764918023361,2.4995465,-11.092337,4.3718123,-1.6077974,0.40194935,0.93462384
1764918023422,-0.18435353,-12.2224,3.5793316,-0.46792278,-0.014660766,0.8772025
1764918023481,1.1444284,-15.653291,3.1052797,0.6401868,-0.41905355,0.38240165
1764918023539,1.685518,-15.284584,2.60968,1.8191566,-0.5558874,-0.58032197
1764918023593,-0.29448682,-13.814544,2.9257145,2.3945918,-0.5119051,-1.251052
1764918023647,-2.303222,-11.48738,5.401319,3.9095376,-0.59131753,-1.8228219
1764918023699,-1.7525556,-8.494628,7.1514807,6.4311895,-0.66706485,-2.1013765
1764918023750,0.30406362,-6.2249246,6.1195793,7.275405,-0.70005155,-1.781283
1764918023802,0.46686932,-2.4109612,7.678205,6.8563514,-0.23701571,-1.640784
1764918023855,2.1284454,-1.4197617,7.5920134,5.309641,-0.2565634,-1.6420058
1764918023908,1.316811,1.4796166,6.327875,2.42147,-0.46670106,-1.314582
1764918023967,0.94331545,4.1922474,6.4140663,1.4563028,-0.46303585,-0.874759
1764918024021,1.4772224,4.7165775,6.658275,0.59620446,-0.3567453,-0.5497787
1764918024075,1.5035586,4.8147397,7.40766,0.3359759,-0.36041048,-0.30176744
1764918024128,1.5394717,5.2241483,7.469909,0.37018433,-0.34574974,-0.0842994
1764918024182,1.8052281,6.0166287,7.017405,0.35063666,-0.24556783,-0.0842994
1764918024233,2.123657,5.997475,6.5218053,0.20158553,-0.14294247,-0.028099801
1764918024284,2.1068976,6.145916,7.0245876,0.19914207,0.07086037,0.061086524
1764918024342,1.7836803,5.6886234,7.2568254,0.05375614,0.07452556,0.14538592
1764918024400,1.9129672,5.580884,7.156269,0.09896017,0.09773844,0.10262536
1764918024453,2.1930888,5.722142,6.742072,-0.014660766,0.08552113,0.02321288
1764918024506,2.2026656,5.849035,6.849811,0.0061086523,0.20525073,-0.007330383
1764918024565,1.9967642,5.997475,7.326257,-0.11484267,0.23579398,0.080634214
1764918024620,1.388637,5.681441,7.3885064,-0.29443705,0.16126843,0.16126843
1764918024674,2.2026656,5.329493,7.477092,-0.39095375,0.15149458,0.15515977
1764918024755,2.3558946,3.4620156,7.2472486,-2.8722885,0.105068825,0.24190263
1764918024806,2.078167,4.3598413,7.8529816,-1.4758505,0.33475417,0.2919936
1764918024867,2.3535004,2.5617957,9.9550905,-1.4709635,0.004886922,0.50946164
1764918024927,2.2409728,-0.39264908,9.619903,-2.1343632,-0.2125811,0.27855456
1764918024984,1.7046716,-0.12928689,10.515334,-1.2339478,-0.036651913,0.24678956
1764918025037,2.3415294,-0.62728083,9.109938,-2.3677137,-0.17715092,0.035430185
1764918025088,2.1428106,-3.0262709,7.8984714,-4.0011673,-0.15760323,-0.1563815
1764918025141,2.2936451,-4.0222588,6.0118403,-5.425705,-0.10751228,-0.10995574
1764918025193,1.7501614,-6.021417,3.763685,-7.5124207,-0.30665436,-0.12950343
1764918025244,2.0135236,-9.066842,4.6686935,-3.8777726,-0.535118,0.16493362
1764918025297,3.2130187,-9.880871,2.980781,-2.2247713,-0.7648033,0.2932153
1764918025350,2.4229321,-10.251971,3.3255463,-0.11362094,-0.4007276,0.3933972
1764918025406,2.9783869,-10.263943,3.5242648,0.3005457,0.11362094,0.49602258
1764918025459,3.1316159,-11.058818,3.4524388,0.92485,0.17592919,0.453262
1764918025512,3.430891,-9.397242,4.0078936,0.7464773,0.056199603,0.15760323
1764918025585,3.098097,-9.835381,4.378995,-0.09407325,-0.4166101,-0.04642576
1764918025638,2.9592333,-9.859323,4.795586,-0.56321776,-0.19303341,0.118507855
1764918025689,1.8124107,-10.280702,4.048595,-0.002443461,0.09773844,0.062308256
1764918025747,1.9129672,-11.046846,3.7541082,0.26633725,0.087964594,-0.04642576
1764918025800,2.1499932,-11.030087,4.5178585,0.7012733,0.12950343,-0.37384954
1764918025852,2.291251,-10.651803,4.572925,1.2950343,0.04520403,-0.6291912
1764918025910,2.9352913,-9.969456,4.9200845,1.2217305,-0.12583824,-0.8173377
1764918025974,2.7748797,-9.165004,4.9895163,1.2632693,-0.043982297,-0.95905846
1764918026041,2.8993783,-8.276755,5.33907,1.1911873,0.111177474,-1.0910053
1764918026094,3.3662477,-6.751649,6.2512608,1.1362094,0.13561209,-1.0751228
1764918026147,3.13401,-5.853823,6.2345014,1.0812315,-0.008552114,-0.87964594
1764918026199,3.265691,-4.249708,4.9057193,1.3035865,0.002443461,-0.84421575
1764918026252,3.2130187,-3.0023289,5.1235914,1.237613,-0.052534413,-0.7257079
1764918026307,3.643975,-2.0326772,5.1523223,1.1508701,-0.13683382,-0.6963864
1764918026360,4.0581717,-1.0486604,5.741296,0.6072,-0.19792034,-0.42760566
1764918026414,3.799598,-0.5722142,4.5202527,-0.09040806,-0.19181168,-0.0036651916
1764918026471,3.3159695,-0.24660277,1.388637,-0.675617,0.0036651916,0.5766568
1764918026531,2.944868,-0.39504328,1.5035586,-1.4453071,0.2724459,1.0616838
1764918026633,-1.4221559,-5.0661306,2.9783869,-2.5937338,0.19914207,2.316401
1764918026686,-2.7102363,-10.726024,1.5897499,-3.209486,-0.1600467,2.6621506
1764918026740,-2.4181437,-16.014814,0.5793968,-3.3744197,0.05497787,2.5143213
1764918026791,-0.7613561,-17.413029,0.1604115,-2.656042,-0.12217305,1.0934488
1764918026842,0.9648633,-18.241423,3.5889084,-3.0066788,-0.3848451,0.33475417
1764918026893,3.5865142,-10.6637745,1.400608,-1.7006488,0.267559,0.46181414
1764918026948,-0.088585466,-11.707646,1.3790601,-1.5577064,0.47403142,0.22602014
1764918027001,3.383007,-11.781867,0.7206547,-0.81489426,0.06719518,0.38240165
1764918027053,1.9416976,-13.101071,-0.15801731,-0.204029,0.087964594,0.36285394
1764918027105,2.0254946,-13.670892,0.095768064,0.6047566,0.028099801,0.16615535
1764918027159,0.50278234,-13.342886,0.2801216,1.754405,-0.05497787,-0.47891834
1764918027217,-0.4141969,-12.854469,1.9800048,2.7794368,0.018325957,-0.6621779
1764918027278,-1.2473791,-12.117055,5.1235914,7.122689,-0.29443705,-1.1850786
1764918027337,1.412579,-8.707711,5.3007627,7.7995276,-0.11362094,-1.5577064
1764918027390,1.4532804,-5.710171,4.7884035,5.042082,-0.02321288,-1.5479325
1764918027444,1.3239936,-2.2697031,6.483498,3.8179078,-0.27977628,-1.3536774
1764918027498,1.6184803,0.7062895,7.457938,3.500258,-0.28221974,-0.82344633
1764918027554,1.3215994,1.2473791,8.204929,2.3701572,-0.2846632,-0.51068336
1764918027607,1.9033904,2.0973208,7.491457,1.2620476,-0.31642818,-0.11362094
1764918027659,2.0254946,3.3662477,8.099585,0.7672467,-0.22113322,0.042760566
1764918027715,2.4708161,3.5338416,8.137892,0.4654793,-0.19547687,0.06719518
1764918027768,2.336741,3.2609026,8.468291,0.24190263,-0.14294247,0.1160644
1764918027821,2.243367,3.4021606,8.178593,0.45448375,-0.080634214,0.029321533
1764918027879,2.3463178,3.4500446,7.711724,0.10751228,-0.052534413,0.017104227
1764918027942,2.3582888,3.6631286,7.6614456,0.13683382,0.047647487,-0.017104227
1764918028049,2.2457612,3.8498764,7.920019,0.010995574,0.07574729,-0.002443461
1764918028101,2.3702598,4.256891,8.248025,-0.05375614,0.11484267,-0.02076942
1764918028157,2.2697031,4.295198,8.085219,-0.17837265,0.13194689,0.030543262
1764918028208,2.2098482,4.144363,7.819463,-0.3213151,0.16737708,0.07941248
1764918028260,1.745373,4.1299977,7.1586633,-1.6493362,0.267559,0.25045475
1764918028312,2.0039468,2.1619642,5.8442464,-3.4513886,0.14172074,0.4361578
1764918028365,2.255338,0.4357447,4.4915223,-7.5869465,-0.012217305,0.6585127
1764918028426,1.5682021,-7.565677,5.185841,-10.894171,-0.70249504,0.98715824
1764918028482,-1.42455,-9.054871,4.0797195,-3.3731978,-0.8197812,0.9737192
1764918028536,-1.5179238,-11.801021,3.359065,-3.4697146,-1.5699236,1.314582
1764918028591,-1.067814,-12.607866,-1.1540052,-2.2809708,-0.04642576,1.7715092
1764918028658,-1.3000516,-12.952631,-0.11252748,-1.8533652,0.4447099,0.34697145
1764918028711,0.93613285,-10.730812,1.6711528,-1.2144,0.15027285,-0.018325957
1764918028768,0.9552865,-8.408437,1.1204864,-0.96761054,0.27855456,0.3200934
1764918028824,2.1428106,-11.920731,0.8331822,-0.72204274,0.15882497,0.42149702
1764918028879,2.9041667,-13.43626,-0.25378537,-0.18325958,0.04642576,0.3359759
1764918028935,2.4037786,-14.030022,0.521936,1.1007792,-0.04153884,-0.3359759
1764918028990,1.5969325,-13.484144,1.4652514,2.0451767,-0.062308256,-0.7440339
1764918029042,0.7781156,-11.872847,3.335123,3.0983086,0.04153884,-1.0274754
1764918029095,1.5442601,-12.624625,3.7708676,3.4953709,0.15149458,-1.1007792
1764918029150,1.6160861,-11.15698,5.410896,4.1184535,0.11728613,-1.319469
1764918029205,1.6543933,-9.526528,6.8761473,3.771482,-0.10751228,-1.5027285
1764918029257,2.219425,-8.477868,6.5361705,3.821573,-0.43371433,-1.5515977
1764918029309,2.930503,-4.6136265,6.823475,3.368311,-0.75869465,-1.4611896
1764918029370,2.717419,-3.3806129,7.299921,2.6658158,-0.8588765,-1.1093313
1764918029426,3.0190883,-2.0590134,6.0022635,2.1978931,-0.86376345,-0.8417723
1764918029483,3.086126,-1.0462662,5.8322754,1.8606955,-0.7672467,-0.8026769
1764918029537,3.608062,0.34955344,5.509058,1.6016886,-0.55833083,-0.7819075
1764918029590,4.0198646,1.7956513,5.315128,1.2522738,-0.32742378,-0.5888741
1764918029648,4.2185836,2.7461493,5.439626,0.9969321,-0.119729586,-0.46181414
1764918029704,4.831499,3.7086184,6.2728086,0.47158796,0.080634214,-0.2443461
1764918029756,4.829105,3.454833,6.8402343,0.37873647,0.12950343,-0.13683382
1764918029811,4.829105,3.8594532,6.9838862,0.25778514,0.18570304,-0.081855945
1764918029870,4.7285485,4.010288,7.132327,0.064751714,0.17592919,-0.007330383
1764918029926,4.5992613,3.7205894,7.1730285,0.029321533,0.17959438,-0.002443461
1764918029979,4.8865657,3.9624038,7.4507556,-0.014660766,0.19058995,0.059864793
1764918030045,4.8338933,3.6607344,7.48188,-0.04520403,0.16126843,0.0842994
1764918030098,4.644751,3.620033,7.517793,-0.13683382,0.1282817,0.10873401
1764918030150,4.6591167,3.7134068,7.33344,-0.25167647,0.10751228,0.12705997
1764918030203,4.6830587,3.53863,6.8067155,-0.45448375,0.07819075,0.16737708
1764918030258,4.213795,3.1962593,4.8338933,-1.1814134,-0.056199603,0.36651915
1764918030317,3.3399115,1.7166426,3.6224272,-2.7782152,0.11484267,0.84299403
1764918030370,1.3742718,-0.48362875,3.1627405,-2.928488,0.9077458,1.1594223
1764918030426,-0.04070143,-2.669535,5.0493712,-2.7269025,1.2852604,1.3610078
1764918030482,-0.34955344,-5.729325,6.227319,-3.032335,1.0861185,1.59558
1764918030534,-0.02633622,-10.357317,7.764396,-3.6920695,0.55833083,1.5625933
1764918030591,0.9864111,-12.172121,8.585608,-4.4214425,0.1881465,1.0848967
1764918030643,2.8802247,-12.512098,5.7389016,-5.9730406,-0.3042109,0.8417723
1764918030717,4.972757,-13.254301,-0.94331545,-4.2357397,-0.8576548,0.50946164
1764918030773,2.6192567,-7.493851,0.1316811,-1.001819,0.012217305,0.90408057
1764918030826,1.946486,-9.021352,0.6655881,0.2687807,-0.29565877,1.1044444
1764918030879,2.2768857,-15.028404,1.4437037,0.75747293,-0.10140363,0.8038987
1764918030933,3.9839516,-15.622166,1.460463,1.9767599,0.05009095,0.16249016
1764918030986,2.4037786,-15.116989,2.741361,2.629164,0.18570304,-0.5925393
1764918031041,1.4772224,-12.648567,4.2904096,3.4110715,0.3933972,-1.3377949
1764918031095,1.532289,-10.613496,6.2632318,4.638911,0.49357912,-1.4941764
1764918031151,2.4492683,-7.97748,7.2472486,4.5851545,0.4605924,-1.4514158
1764918031203,2.1547816,-5.681441,7.529764,4.2785,0.25289822,-1.1178834
1764918031255,1.2521675,-4.3167458,7.8625584,3.1984904,-0.105068825,-0.64751714
1764918031309,1.7621324,-2.693477,6.7109475,2.833193,-0.4202753,-0.38362336
1764918031365,0.39264908,-1.4173675,8.937555,2.42147,-0.6401868,-0.18570304
1764918031417,1.6256629,-0.45010993,8.3150625,1.8668042,-0.88208944,-0.030543262
1764918031472,2.4492683,0.31124622,7.180211,1.4929546,-0.93218035,-0.02321288
1764918031525,2.822764,0.6512229,6.9144545,1.3243558,-0.69027776,-0.05497787
1764918031583,3.3039982,1.7357962,6.5265937,1.0995574,-0.39461896,-0.12461651
1764918031635,3.4979286,2.8874073,5.9064956,0.5681047,-0.22235495,-0.14538592
1764918031696,3.9600096,3.2489316,6.517017,0.20158553,-0.05009095,-0.09896017
1764918031749,4.0701427,3.3303347,7.1227503,0.16982053,0.09285152,-0.096516706
1764918031803,4.0414124,2.96881,7.381324,-0.08552113,0.23457226,-0.02076942
1764918031858,4.1683054,3.1627405,7.524976,-0.09040806,0.3042109,-0.036651913
1764918031911,4.0318356,3.1052797,7.7308774,-0.22479841,0.32375857,-0.037873644
1764918031966,3.6296098,3.2632968,7.1945763,-0.57910025,0.29443705,0.056199603
1764918032063,2.8778305,1.1923125,3.5817258,-1.8936822,0.13194689,0.6414085
1764918032120,0.39504328,-0.92895025,4.211401,-2.58396,0.61208695,1.110553
1764918032179,-0.79248077,-4.1946416,6.244078,-2.543643,1.1850786,1.174083
1764918032234,-1.5011644,-6.6654577,7.7189064,-2.411696,1.4526376,1.1484267
1764918032287,-1.0582372,-8.037335,10.857705,-2.9321532,1.2913691,0.98349303
1764918032342,0.5530606,-9.31105,10.66138,-3.76293,0.72204274,0.77579886
1764918032402,0.9768343,-11.544841,6.2368956,-5.453805,0.032986723,0.40439278
1764918032463,1.5179238,-12.162544,4.9583917,-5.23145,-0.66706485,-0.119729586
1764918032517,3.1028855,-9.473856,4.2664676,-2.1954496,-0.42638394,0.33475417
1764918032570,0.6392518,-9.054871,1.0773908,-0.089186326,0.23579398,0.99204516
1764918032622,2.15957,-12.615048,2.3798366,0.118507855,-0.14172074,0.893085
1764918032679,2.231396,-15.8065195,2.6910827,0.58032197,0.119729586,0.5766568
1764918032766,0.770933,-12.70124,4.6471453,2.1697934,-0.11362094,-0.7147123
1764918032820,0.4429273,-12.10269,5.497087,2.3469443,-0.23090707,-0.93462384
1764918032873,0.35434186,-10.457873,6.2967505,1.1850786,-0.40439278,-1.1191051
1764918032925,0.7158663,-12.682086,5.521029,-1.1178834,-0.19914207,-1.4172074
1764918032983,1.3024458,-9.466674,1.5370775,-2.6621506,0.13072516,-1.953547
1764918033050,0.5506664,-8.724471,-0.24899697,2.6010642,0.9505063,-1.6603317
1764918033101,1.9800048,-9.102755,3.0478187,1.9401081,0.37140608,-1.3744467
1764918033156,1.9033904,-6.421249,2.837129,2.4691174,0.03176499,-1.1191051
1764918033211,1.2090719,-5.4444146,3.3662477,2.0622811,-0.09162979,-0.9443977
1764918033270,2.3750482,-4.0916905,4.0054994,1.5528195,-0.009773844,-0.81122905
1764918033325,3.4045548,-3.2920272,3.9384618,0.84421575,0.11484267,-0.54367006
1764918033383,3.9600096,-2.4636335,4.912902,0.36285394,0.087964594,-0.172264
1764918033436,4.0581717,-2.5354595,5.032612,0.040317107,0.06841691,0.059864793
1764918033489,3.821146,-2.789245,4.9536033,-0.38973203,0.15027285,0.34330627
1764918033576,3.2465374,-3.1292217,4.381389,-0.93218035,0.26389378,0.7672467
1764918033627,1.8890251,-2.9759927,4.098873,-1.4159856,0.032986723,1.2388347
1764918033684,0.557849,-4.8985367,1.8291701,-1.740966,-0.22235495,1.6835446
1764918033736,-1.9800048,-8.214506,-0.090979666,-2.1587977,-0.32498032,2.207667
1764918033790,-2.8107927,-12.861651,-1.7429788,-2.8038714,-0.22479841,2.067168
1764918033846,-1.8483237,-15.275007,-0.9624691,-3.0995302,-0.35430184,1.563815
1764918033899,0.85473,-17.563864,3.2800562,-1.958434,-0.9993755,0.91874135
1764918033952,2.516306,-12.957419,2.0590134,-0.85154617,0.7806858,1.5259414
1764918034012,0.4429273,-10.354922,2.4420857,-1.6432275,0.27122417,0.93462384
1764918034067,0.079008654,-14.645331,2.420538,-0.3005457,0.089186326,0.9822713
1764918034118,1.8555063,-17.355568,3.1531637,0.37507126,-0.13072516,0.6291912
1764918034170,0.6679823,-16.33085,3.0813377,1.0409144,-0.3359759,-0.6560693
1764918034223,-0.22744916,-14.097059,1.9991584,1.409877,-0.43371433,-1.4123205
1764918034275,-0.45489833,-11.884817,2.2720973,1.709201,-0.12583824,-1.9144517
1764918034326,0.059855044,-10.654198,2.4971523,1.6395624,0.16126843,-1.9743165
1764918034377,0.39504328,-10.2974615,2.516306,1.4196508,0.17348573,-1.8912388
1764918034430,1.0510546,-9.55047,2.6312277,1.0567969,0.29565877,-1.7201965
1764918034484,1.6065093,-8.652645,2.5761611,1.1691961,0.3408628,-1.5100589
1764918034537,1.283292,-7.740454,2.6982653,1.7996091,0.30543262,-1.2278391
1764918034589,1.958457,-6.4020953,3.25372,1.8863518,0.16249016,-1.0030408
1764918034641,2.6001031,-5.245696,4.268862,1.3646729,-0.0036651916,-0.9016371
1764918034696,2.3654714,-4.3718123,4.2521024,1.1215485,-0.111177474,-0.6401868
1764918034750,3.3279405,-2.8179753,4.201824,0.3921755,-0.27855456,-0.3640757
1764918034803,2.8203697,-3.1411927,3.8881836,0.012217305,-0.1881465,0.032986723
1764918034857,2.6288335,-3.1627405,3.7828386,-0.46914452,0.080634214,0.54000485
1764918034912,2.3870192,-3.952827,3.371036,-0.91507614,0.22724187,0.8246681
1764918034964,1.7788919,-4.6351743,3.0669725,-1.4245378,0.15515977,1.0836749
1764918035045,0.20829555,-7.156269,2.2936451,-2.488665,0.015882496,1.7055358
1764918035096,-0.92655605,-10.352529,1.42455,-2.5167649,0.2968805,1.6016886
1764918035148,-0.5746084,-14.281413,1.496376,-2.7818804,0.02076942,1.396438
1764918035200,0.79248077,-14.563929,0,-2.701246,-0.20769419,0.8772025
1764918035253,2.0207062,-9.995792,0.6368576,-1.2608259,-0.19547687,0.5412266
1764918035308,1.7118542,-6.5816603,1.7238252,-1.078788,-0.19058995,1.0897835
1764918035361,1.7262194,-12.732365,1.079785,-1.1081096,-0.47647488,1.2657127
1764918035416,2.885013,-16.917429,-0.36391866,-0.32620203,-0.1282817,0.87964594
1764918035470,2.954445,-16.242264,-0.23942018,0.15882497,0.009773844,0.03176499
1764918035523,0.7469909,-12.832921,0.44771573,1.0054842,0.056199603,-0.95294976
1764918035604,0.45489833,-12.706028,1.2737153,1.8069394,0.04642576,-1.1667526
1764918035658,1.42455,-11.901577,2.896984,1.9877555,-0.008552114,-1.4563028
1764918035712,1.8243817,-12.524069,2.7629087,1.9486601,-0.26389378,-1.781283
1764918035767,2.1045034,-11.674128,3.3446999,2.1062634,-0.40683624,-1.813048
1764918035819,2.719813,-10.469844,3.1531637,1.8142698,-0.004886922,-1.7275269
1764918035875,2.408567,-9.181764,2.2720973,1.9572122,0.23823744,-1.6578883
1764918035935,2.1188686,-7.0245876,2.0949266,2.0744984,0.41905355,-1.5418239
1764918035988,2.44448,-5.221754,2.4492683,1.7751744,0.75136423,-1.3231341
1764918036081,2.56419,-2.0685902,5.1020436,1.2425,0.56077427,-0.56199604
1764918036138,2.8754363,-1.8531121,5.829881,0.752586,0.015882496,-0.30665436
1764918036194,2.9257145,-1.7908629,6.069301,0.33108896,-0.034208454,-0.10140363
1764918036248,3.4213142,-0.94092125,5.889736,-0.103847094,-0.009773844,0.16493362
1764918036303,3.2848446,-1.0366893,5.3247046,-0.44837508,0.118507855,0.51923543
1764918036359,2.3008277,-0.92655605,4.9176903,-1.102001,-0.04153884,1.0372492
1764918036416,2.2529438,-1.2952632,4.4316673,-1.4428637,-0.17959438,1.3927728
1764918036470,0.20829555,-4.8482585,2.4181437,-1.9743165,0.06841691,1.9352211
1764918036547,-2.360683,-10.127473,1.4867992,-2.8283062,0.13927728,2.510656
1764918036602,-1.7645266,-14.300567,0.6943185,-3.0262265,-0.24801129,2.244319
1764918036654,0.16759412,-15.076288,2.432509,-2.2504275,-0.5510005,1.46852
1764918036706,2.6910827,-15.263036,3.7565024,-2.719572,-0.5742133,1.4037683
1764918036759,2.420538,-13.220781,1.5753847,-1.8044959,0.03176499,1.1178834
1764918036812,0.78769237,-10.874464,1.0582372,-1.0238101,0.29932398,0.8258898
1764918036869,2.2649148,-13.007698,1.6472107,-1.4355333,0.3200934,0.8210029
1764918036923,1.9847932,-14.913483,1.1803415,-0.48747048,0.26145032,0.36285394
1764918036979,0.6440403,-14.681245,1.1013328,0.45204028,0.2932153,-0.15027285
1764918037032,-1.4676456,-12.971785,1.5059528,1.3891076,0.056199603,-0.8222246
1764918037086,-2.147599,-11.760319,1.472434,1.9608774,0.036651913,-1.1643091
1764918037142,-1.5610195,-12.732365,2.932897,3.602883,-0.065973446,-1.5357152
1764918037200,-0.8714894,-11.51611,4.9703627,5.39394,-0.14660765,-1.754405
1764918037255,1.0079589,-8.5473,4.783615,7.8178535,-0.5412266,-1.8961257
1764918037307,1.9847932,-4.0294414,4.295198,5.8960714,-0.3371976,-1.8472565
1764918037363,1.6232687,-0.12689269,5.9783216,3.2168164,-0.22235495,-1.1191051
1764918037424,1.8507179,1.3072342,7.5800424,2.4397957,-0.0842994,-0.75625116
1764918037484,2.1308396,2.0925324,8.135497,0.47036624,-0.26145032,-0.17715092
1764918037536,2.3104045,2.2625206,8.001422,0.6267477,-0.24556783,0.081855945
1764918037589,2.3080103,1.8962077,9.200917,0.25534168,-0.27977628,0.19547687
1764918037646,2.789245,2.0398598,8.686164,0.22724187,-0.2724459,0.15149458
1764918037702,2.837129,2.1667526,8.698134,0.062308256,-0.26389378,0.04153884
1764918037755,3.0023289,2.315193,8.554482,0.24312437,-0.14049901,0.05497787
1764918037808,3.1292217,2.2625206,8.23366,0.18081611,-0.09162979,-0.009773844
1764918037864,3.0310593,2.5139117,8.212111,-0.03176499,-0.028099801,-0.043982297
1764918037924,3.2632968,2.6264393,8.1881695,-0.014660766,-0.0012217305,-0.059864793
1764918037977,3.2489316,2.7700913,8.14268,-0.1282817,0.036651913,-0.04642576
1764918038031,3.3279405,3.0933087,7.1251445,-0.58276546,0.30176744,0.20891592
1764918038088,3.608062,4.4675803,4.225766,-4.11601,0.41905355,0.56321776
1764918038256,0.4357447,-9.715671,2.3199813,-5.3401837,-1.1520919,1.767844
1764918038307,0.1412579,-9.655815,2.1332338,-2.7097983,-0.3481932,2.7281241
1764918038358,-0.81163436,-9.629479,2.219425,-2.1991148,-0.02565634,3.0750957
1764918038410,-6.019023,-15.818491,-1.7381904,-2.3408356,0.52778757,1.8106046
1764918038466,3.1866825,-13.517663,1.7741034,-2.1368067,0.28099802,0.43371433
1764918038518,0.6488287,-9.509769,1.079785,-1.4575244,0.4728097,0.28710666
1764918038570,-0.7469909,-12.344504,0.5722142,-0.7281514,0.23090707,0.5180137
1764918038646,-0.5243302,-13.429077,-0.35913026,0.17715092,0.09407325,0.05009095
1764918038699,-0.92416185,-12.830527,-0.59855044,0.52290064,0.02565634,-0.38728857
1764918038750,-2.15957,-11.425131,-0.5386954,1.0323622,0.10629055,-0.6914995
1764918038807,-2.4037786,-10.213664,-0.59136784,1.251052,0.18692477,-0.8405506
1764918038860,-1.7908629,-9.478644,0.23942018,1.7776178,0.16371189,-0.7305948
1764918038917,-1.7142484,-9.720459,0.6871359,2.4825563,0.039095376,-0.6719518
1764918038968,-0.6488287,-10.287885,1.9680338,3.4855971,-0.002443461,-0.5510005
1764918039019,-0.91937345,-9.782708,2.992752,5.915619,-0.32620203,-0.64996064
1764918039072,-0.9600749,-7.5561004,6.9000893,6.3432245,-0.4801401,-0.766025
1764918039126,0.41180268,-1.7238252,7.809886,6.2589254,-0.02076942,-0.5180137
1764918039180,0.5554548,-0.5626374,8.714894,3.5344663,-0.15515977,-0.59742624
1764918039235,0.50757074,0.6392518,9.753978,2.4666739,-0.11728613,-0.8332202
1764918039291,0.8714894,1.2976574,9.284714,1.4501941,-0.012217305,-0.7098254
1764918039345,0.33758244,2.099715,9.662998,1.287704,-0.059864793,-0.6585127
1764918039402,0.5267244,1.5179238,8.408437,1.001819,-0.009773844,-0.689056
1764918039454,0.51475334,2.7485435,8.197746,0.93951076,0.05009095,-0.68783426
1764918039512,0.50757074,4.1946416,7.299921,0.6365216,0.29077184,-0.63285637
1764918039565,0.41180268,5.0038815,6.9000893,0.38606682,0.593761,-0.39950588
1764918039620,0.02633622,3.3877954,8.123527,-0.12583824,0.9016371,-0.002443461
1764918039679,-1.7764976,3.229778,9.0476885,0.009773844,1.0311406,0.2687807
1764918039730,-2.2290018,2.8562827,10.649409,-0.16737708,0.5815437,-0.02321288
1764918039785,-1.9273324,3.1292217,10.21127,-0.19303341,0.22357668,-0.080634214
1764918039839,-2.336741,4.0797195,8.367735,0.012217305,0.12705997,-0.12705997
1764918039892,-2.4157495,4.0078936,8.7053175,-0.02076942,0.17715092,-0.21624629
1764918039946,-2.2601264,3.9983168,8.815451,0.13927728,0.2284636,-0.14538592
1764918040000,-2.5091233,3.7900212,8.497022,0.14294247,0.25167647,-0.11484267
1764918040085,-2.8203697,3.2824504,8.832211,0.065973446,0.17104226,-0.10751228
1764918040137,-3.0478187,3.3518825,8.552089,0.14172074,0.07819075,-0.18936823
1764918040192,-3.0550013,3.8187518,8.619126,0.07819075,-0.018325957,-0.18448131
1764918040245,-2.7126305,3.799598,8.544906,0.010995574,-0.09285152,-0.16249016
1764918040298,-2.765303,3.7253778,8.298303,-0.017104227,-0.1160644,-0.11728613
1764918040356,-2.6144683,3.5984852,8.358158,-0.04886922,-0.119729586,-0.10873401
1764918040412,-2.3798366,3.5625722,8.597578,-0.1160644,-0.10140363,-0.12705997
1764918040465,-2.6527755,3.6727054,8.762778,0.015882496,-0.09162979,-0.13072516
1764918040517,-2.5234885,3.5458126,8.537724,-0.13927728,-0.19425514,-0.12339478
1764918040572,-2.3918076,3.6367924,8.504205,-0.119729586,-0.16982053,-0.12339478
1764918040625,-2.372654,3.6056678,8.540117,-0.18570304,-0.119729586,-0.10140363
1764918040679,-2.5737667,3.7924154,8.53054,-0.052534413,-0.029321533,-0.05375614
1764918040735,-2.3894134,3.2321723,8.6574335,-0.15515977,-0.02687807,-0.021991149
1764918040787,-2.4540567,3.181894,8.767567,-0.10629055,-0.0036651916,-0.012217305
1764918040841,-2.5187001,3.0933087,8.870518,-0.036651913,0.02443461,-0.02076942
1764918040896,-2.4301147,3.098097,8.992621,-0.042760566,-0.019547688,-0.02565634
1764918040953,-2.4181437,2.9759927,8.860941,-0.065973446,-0.064751714,-0.04520403
1764918041008,-2.432509,3.0190883,8.789114,-0.06963864,-0.081855945,-0.05375614
1764918041085,-2.4875755,3.0190883,8.973468,-0.042760566,-0.10262536,-0.064751714
1764918041137,-2.4827871,3.1651347,9.124303,-0.10262536,-0.17837265,-0.032986723
1764918041188,-2.6623523,3.1531637,8.62152,0.28344148,-0.017104227,0.07819075
1764918041257,-2.3295584,3.074155,8.990228,-0.11728613,-0.03176499,-0.015882496
1764918041309,-2.4301147,3.107674,8.674192,-0.042760566,0.032986723,0.09040806
